id,title,original_price,scrape_date,store
203227,Bieze Rauwkost farmer,"€1,99",2025-03-07,Albert Heijn
203226,Bieze Rauwkost coleslaw,"€1,99",2025-03-07,Albert Heijn
54074,AH Komkommer,"€1,05",2025-03-07,Albert Heijn
4164,AH Courgette,"€0,00",2025-03-07,Albert Heijn
41194,AH Paprika mix,"€2,09",2025-03-07,Albert Heijn
203229,Bieze Rauwkost 4 seizoenen,"€1,99",2025-03-07,Albert Heijn
171425,AH Prei,"€0,65",2025-03-07,Albert Heijn
4177,AH Broccoli,"€1,45",2025-03-07,Albert Heijn
4117,AH Paprika rood,"€0,95",2025-03-07,Albert Heijn
101130,AH Biologisch Komkommer,"€1,65",2025-03-07,Albert Heijn
129400,AH Avocado eetrijp,"€2,99",2025-03-07,Albert Heijn
123209,AH Elstar zak,"€2,99",2025-03-07,Albert Heijn
471641,AH Snoepgroente tomaat,"€3,29",2025-03-07,Albert Heijn
2226,AH Tomatenpuree,"€0,49",2025-03-07,Albert Heijn
566924,AH Tomatenpuree 4-pack,"€1,96",2025-03-07,Albert Heijn
502305,AH Snoepgroente komkommer,"€2,29",2025-03-07,Albert Heijn
4137,AH Cherrytomaten,"€1,25",2025-03-07,Albert Heijn
129993,AH Zoete kleine appeltjes,"€2,99",2025-03-07,Albert Heijn
4183,AH Bloemkool,"€0,00",2025-03-07,Albert Heijn
169688,AH Aardappelen voor de stamppot,"€1,49",2025-03-07,Albert Heijn
169813,AH Bosui,"€0,85",2025-03-07,Albert Heijn
96049,AH Iets kruimige aardappelen,"€4,39",2025-03-07,Albert Heijn
117190,Pink Lady Appels schaal,"€0,00",2025-03-07,Albert Heijn
490796,AH Snoepgroente tomaat,"€2,19",2025-03-07,Albert Heijn
4088,AH Tomaten,"€1,65",2025-03-07,Albert Heijn
104818,AH Biologisch Gember,"€2,09",2025-03-07,Albert Heijn
4169,AH Witte champignons,"€1,35",2025-03-07,Albert Heijn
111767,AH Rucola,"€1,09",2025-03-07,Albert Heijn
51768,AH Boerenkool,"€1,99",2025-03-07,Albert Heijn
41172,AH Basilicum,"€1,19",2025-03-07,Albert Heijn
111388,AH Iets kruimige aardappelen,"€1,65",2025-03-07,Albert Heijn
4076,AH Winterpeen,"€1,35",2025-03-07,Albert Heijn
4160,AH Knoflook,"€1,29",2025-03-07,Albert Heijn
4083,AH Gele uien,"€1,25",2025-03-07,Albert Heijn
193247,AH Fijngesneden ijsbergsla,"€0,99",2025-03-07,Albert Heijn
111781,AH Geschrapte worteltjes,"€1,09",2025-03-07,Albert Heijn
99036,AH Winterpeen,"€0,35",2025-03-07,Albert Heijn
67874,AH Roma tomaten,"€2,75",2025-03-07,Albert Heijn
4180,AH Aubergine,"€0,00",2025-03-07,Albert Heijn
41080,AH Roerbakgroente Italiaans,"€2,09",2025-03-07,Albert Heijn
41203,AH Kastanjechampignons,"€1,75",2025-03-07,Albert Heijn
425999,AH Biologisch Zoete puntpaprika,"€2,45",2025-03-07,Albert Heijn
123865,AH Sweet palermo rode puntpaprika,"€1,75",2025-03-07,Albert Heijn
481844,AH Tomaten gezeefd passata,"€0,85",2025-03-07,Albert Heijn
128148,AH Geschrapte worteltjes grootverpakking,"€1,59",2025-03-07,Albert Heijn
395948,AH Spinazie kleinverpakking,"€1,69",2025-03-07,Albert Heijn
4099,AH IJsbergsla,"€1,15",2025-03-07,Albert Heijn
525847,AH Gele uien,"€0,99",2025-03-07,Albert Heijn
80568,AH Hutspot,"€1,69",2025-03-07,Albert Heijn
238834,AH Witlof,"€2,25",2025-03-07,Albert Heijn
169797,AH Avocado,"€1,35",2025-03-07,Albert Heijn
502289,AH Snoepgroente paprikamix,"€2,29",2025-03-07,Albert Heijn
490393,SPRANK Appels schaal,"€0,00",2025-03-07,Albert Heijn
218641,AH Biologisch Rode bieten gekookt,"€1,49",2025-03-07,Albert Heijn
394821,AH Snoepgroente worteltjes,"€0,89",2025-03-07,Albert Heijn
221495,AH Wortelen,"€1,09",2025-03-07,Albert Heijn
198690,AH Mini krieltjes,"€1,29",2025-03-07,Albert Heijn
185202,AH Biologisch Courgette,"€1,69",2025-03-07,Albert Heijn
395946,AH Sperziebonen,"€2,29",2025-03-07,Albert Heijn
482757,AH Aardappelen kruimig,"€1,49",2025-03-07,Albert Heijn
129684,AH IJsbergsla,"€1,09",2025-03-07,Albert Heijn
561136,AH Biologisch Winterpeen,"€1,25",2025-03-07,Albert Heijn
502389,AH Biologisch Snoepgroente tomaat,"€3,79",2025-03-07,Albert Heijn
123864,AH Tasty Tom trostomaten,"€2,99",2025-03-07,Albert Heijn
387770,AH Rode peper,"€0,45",2025-03-07,Albert Heijn
155600,AH Aardappelschijfjes,"€1,29",2025-03-07,Albert Heijn
490280,AH Rode uien,"€1,09",2025-03-07,Albert Heijn
389076,AH Biologisch Trostomaten,"€2,99",2025-03-07,Albert Heijn
67842,AH Witte champignons,"€2,09",2025-03-07,Albert Heijn
165583,AH Sweet cherry cherrytomaten,"€3,19",2025-03-07,Albert Heijn
466127,AH Biologisch Broccoli,"€2,45",2025-03-07,Albert Heijn
4102,AH Sperziebonen,"€2,79",2025-03-07,Albert Heijn
525254,AH Mini krieltjes bistro,"€0,99",2025-03-07,Albert Heijn
127259,AH Snijbonen,"€2,19",2025-03-07,Albert Heijn
129242,AH Groene kiwi's,"€4,49",2025-03-07,Albert Heijn
4178,AH Bleekselderij,"€1,55",2025-03-07,Albert Heijn
203003,AH Biologisch Pastinaak,"€2,09",2025-03-07,Albert Heijn
418283,AH Roerbakgroente Italiaans fijngesneden,"€2,99",2025-03-07,Albert Heijn
4071,AH Zuurkool naturel,"€0,89",2025-03-07,Albert Heijn
494448,AH Macaroni spaghetti groente,"€1,79",2025-03-07,Albert Heijn
465601,AH Snoepgroente tomaat,"€5,99",2025-03-07,Albert Heijn
230848,AH Sperziebonen kleinverpakking,"€1,99",2025-03-07,Albert Heijn
62661,AH Rucola slamelange,"€1,39",2025-03-07,Albert Heijn
192851,AH Bimi,"€2,99",2025-03-07,Albert Heijn
41069,AH Wokgroente Chinees,"€2,49",2025-03-07,Albert Heijn
439146,AH Rode uien,"€1,25",2025-03-07,Albert Heijn
494452,AH Nasi groente,"€1,85",2025-03-07,Albert Heijn
164358,AH Oranje zoete aardappel,"€3,09",2025-03-07,Albert Heijn
395960,AH Spinazie,"€1,99",2025-03-07,Albert Heijn
123866,AH Vastkokende aardappelen,"€1,65",2025-03-07,Albert Heijn
109078,AH Jonagold zak,"€2,99",2025-03-07,Albert Heijn
476241,AH Mini krieltjes,"€0,99",2025-03-07,Albert Heijn
226367,AH Broccoliroosjes,"€1,49",2025-03-07,Albert Heijn
455430,AH Finest Red Nederlandse trostomaten,"€2,99",2025-03-07,Albert Heijn
520805,AH Snoepgroente tomatenmix,"€2,19",2025-03-07,Albert Heijn
800,AH Maiskorrels fris en knapperig,"€1,19",2025-03-07,Albert Heijn
418287,AH Aardappelen voor de stamppot,"€1,69",2025-03-07,Albert Heijn
238968,AH Koriander,"€1,19",2025-03-07,Albert Heijn
107685,AH Romaatjes,"€2,29",2025-03-07,Albert Heijn
207061,AH Munt grootverpakking,"€1,39",2025-03-07,Albert Heijn
56338,AH Andijvie fijngesneden kleinverpakking,"€1,39",2025-03-07,Albert Heijn
164108,AH Haricots verts,"€3,19",2025-03-07,Albert Heijn
415248,AH Biologisch Paprika duo,"€2,99",2025-03-07,Albert Heijn
186650,AH Biologisch Prei,"€1,09",2025-03-07,Albert Heijn
167873,AH Terra Kikkererwten,"€0,99",2025-03-07,Albert Heijn
195431,AH Granny Smith schaal,"€0,00",2025-03-07,Albert Heijn
235203,AH Biologisch Spinazie,"€2,79",2025-03-07,Albert Heijn
449311,AH Biologisch Baby romaine,"€2,25",2025-03-07,Albert Heijn
435427,AH Snoepgroente worteltjes,"€2,99",2025-03-07,Albert Heijn
141,AH Galia meloen,"€2,79",2025-03-07,Albert Heijn
101132,AH Biologisch Kastanjechampignons,"€2,19",2025-03-07,Albert Heijn
185774,AH Biologisch Knoflook,"€1,45",2025-03-07,Albert Heijn
67593,AH Veldsla,"€1,29",2025-03-07,Albert Heijn
226440,Iglo Spinazie à la crème,"€2,59",2025-03-07,Albert Heijn
562393,Iglo Spinazie a la creme 3-pack,"€7,77",2025-03-07,Albert Heijn
184957,AH Biologisch Gala schaal,"€0,00",2025-03-07,Albert Heijn
238971,AH Platte peterselie,"€1,19",2025-03-07,Albert Heijn
238965,AH Bieslook,"€1,25",2025-03-07,Albert Heijn
226181,AH Venkel,"€1,19",2025-03-07,Albert Heijn
128780,AH Appels,"€4,99",2025-03-07,Albert Heijn
226973,AH Italiaanse lasagne verspakket,"€5,89",2025-03-07,Albert Heijn
104817,AH Peen julienne,"€1,19",2025-03-07,Albert Heijn
378632,Heinz Tomato frito original,"€1,39",2025-03-07,Albert Heijn
114589,AH Biologisch Avocado,"€2,99",2025-03-07,Albert Heijn
129364,Jazz Appels schaal,"€0,00",2025-03-07,Albert Heijn
217088,AH Bakaardappeltjes,"€1,09",2025-03-07,Albert Heijn
803,AH Tomaten gepeld,"€0,69",2025-03-07,Albert Heijn
3527,AH Tomatenpuree,"€0,65",2025-03-07,Albert Heijn
394814,AH Kastanjechampignons,"€2,75",2025-03-07,Albert Heijn
117193,AH Fuji schaal,"€0,00",2025-03-07,Albert Heijn
769,AH Spinazie,"€0,99",2025-03-07,Albert Heijn
4074,AH Andijvie gesneden,"€1,99",2025-03-07,Albert Heijn
525846,AH Sjalotten,"€1,45",2025-03-07,Albert Heijn
3840,AH IJsbergsla melange,"€1,39",2025-03-07,Albert Heijn
509288,AH Maiskorrels fris en knapperig 3-pack,"€1,99",2025-03-07,Albert Heijn
497411,AH Mini krieltjes BBQ,"€1,29",2025-03-07,Albert Heijn
418282,AH Platte peterselie grootverpakking,"€1,39",2025-03-07,Albert Heijn
67907,AH Krieltjes,"€1,09",2025-03-07,Albert Heijn
160709,AH Fijne soepgroente grootverpakking,"€1,89",2025-03-07,Albert Heijn
395947,AH Sperziebonen grootverpakking,"€3,39",2025-03-07,Albert Heijn
108358,AH Knolselderij,"€1,45",2025-03-07,Albert Heijn
160720,AH Andijvie fijngesneden grootverpakking,"€2,49",2025-03-07,Albert Heijn
127590,AH Bospeen,"€1,55",2025-03-07,Albert Heijn
133277,AH Roerbakgroente Italiaans champignons,"€2,09",2025-03-07,Albert Heijn
226498,AH Sperziebonen gebroken,"€1,19",2025-03-07,Albert Heijn
238966,AH Dille,"€1,19",2025-03-07,Albert Heijn
238969,AH Munt,"€1,19",2025-03-07,Albert Heijn
94764,AH Geschoonde spruitjes,"€2,49",2025-03-07,Albert Heijn
556739,AH Biologisch Tomatenpuree,"€0,69",2025-03-07,Albert Heijn
578639,AH Biologisch Tomatenpuree 3-pack,"€2,07",2025-03-07,Albert Heijn
80570,AH Zuurkool,"€1,59",2025-03-07,Albert Heijn
155587,AH Luxe wok Chinees sugersnaps paksoi,"€3,29",2025-03-07,Albert Heijn
234848,Mutti Polpa fijne tomatenpulp,"€1,89",2025-03-07,Albert Heijn
198386,AH Tomatensoep met witte stippen verspakket,"€4,59",2025-03-07,Albert Heijn
233440,AH Curry madras verspakket,"€5,89",2025-03-07,Albert Heijn
238970,AH Peterselie,"€1,19",2025-03-07,Albert Heijn
165336,AH Snijbonen,"€2,29",2025-03-07,Albert Heijn
788,AH Tuinerwten fijn,"€1,09",2025-03-07,Albert Heijn
207510,AH Biologisch Tomaten gepeld,"€0,79",2025-03-07,Albert Heijn
426004,AH Biologisch Flespompoen,"€3,78",2025-03-07,Albert Heijn
436200,Looye Honingtomaten,"€3,59",2025-03-07,Albert Heijn
238974,AH Tijm,"€1,19",2025-03-07,Albert Heijn
382984,AH Kropsla,"€1,05",2025-03-07,Albert Heijn
67663,AH Wokgroente Thais,"€2,49",2025-03-07,Albert Heijn
186629,AH Biologisch Bloemkool,"€2,79",2025-03-07,Albert Heijn
470588,AH Baby avocado eetrijp,"€2,99",2025-03-07,Albert Heijn
441049,AH Radijs,"€0,85",2025-03-07,Albert Heijn
166560,AH Erwtensoep verspakket,"€3,99",2025-03-07,Albert Heijn
462427,AH Avocado,"€2,99",2025-03-07,Albert Heijn
494450,AH Bami groente,"€1,79",2025-03-07,Albert Heijn
128874,AH Biologisch Rode paprika,"€1,75",2025-03-07,Albert Heijn
186750,AH Biologisch Witlof,"€2,99",2025-03-07,Albert Heijn
553673,AH Biologisch Pompoen stukjes,"€1,89",2025-03-07,Albert Heijn
133275,AH Aardappelpuree,"€1,79",2025-03-07,Albert Heijn
475828,AH Mini krieltjes kruidenboter,"€1,09",2025-03-07,Albert Heijn
96050,AH Vastkokende aardappelen,"€4,39",2025-03-07,Albert Heijn
486429,Iglo Spinazie à la crème,"€1,85",2025-03-07,Albert Heijn
168092,AH Rucola grootverpakking,"€1,79",2025-03-07,Albert Heijn
185765,AH Roerbakgroente Mexicaans,"€2,49",2025-03-07,Albert Heijn
476742,AH Biologisch Rucola,"€1,39",2025-03-07,Albert Heijn
444756,AH Elstar schaal,"€0,00",2025-03-07,Albert Heijn
123184,AH Aardappelpartjes,"€1,09",2025-03-07,Albert Heijn
533328,AH Biologisch Broccoliroosjes,"€2,19",2025-03-07,Albert Heijn
395956,AH Fijne soepgroente,"€1,19",2025-03-07,Albert Heijn
497403,AH Verse friet,"€2,49",2025-03-07,Albert Heijn
224710,AH Babyspinazie,"€1,29",2025-03-07,Albert Heijn
139446,AH Verse franse friet,"€1,89",2025-03-07,Albert Heijn
221526,AH Mini watermeloen,"€3,49",2025-03-07,Albert Heijn
39103,AH Doperwten en wortelen,"€0,99",2025-03-07,Albert Heijn
186043,AH Biologisch Bleekselderij,"€2,29",2025-03-07,Albert Heijn
525848,AH Biologisch Gele uien,"€1,09",2025-03-07,Albert Heijn
62824,AH Augurken schijven zoetzuur,"€1,09",2025-03-07,Albert Heijn
500621,Heinz Tomato frito biologisch,"€1,69",2025-03-07,Albert Heijn
215683,AH Krieltjes vastkokend,"€2,49",2025-03-07,Albert Heijn
41219,AH Paksoi,"€1,79",2025-03-07,Albert Heijn
472497,Pink Lady Pinkids schaal,"€3,99",2025-03-07,Albert Heijn
207077,AH Koriander grootverpakking,"€1,39",2025-03-07,Albert Heijn
207534,Hak Rode kool met stukjes appel,"€2,85",2025-03-07,Albert Heijn
185200,AH Gemengde salade,"€2,69",2025-03-07,Albert Heijn
395954,AH Broccoliroosjes,"€2,49",2025-03-07,Albert Heijn
579310,AH Sweet palermo rode puntpaprika,"€3,19",2025-03-07,Albert Heijn
168154,AH Slamelange jonge bladsla veldsla,"€1,89",2025-03-07,Albert Heijn
41138,AH Taugé,"€1,09",2025-03-07,Albert Heijn
3537,Bonduelle Crispy maïs,"€1,49",2025-03-07,Albert Heijn
159762,AH Roerbakgroente Italiaans grootverpakking,"€2,99",2025-03-07,Albert Heijn
230681,AH Fijngesneden prei,"€1,19",2025-03-07,Albert Heijn
160707,AH Spinazie grootverpakking,"€2,79",2025-03-07,Albert Heijn
378693,AH Champignons gesneden,"€2,29",2025-03-07,Albert Heijn
123955,AH Kruimige aardappelen,"€1,65",2025-03-07,Albert Heijn
395959,AH Prei,"€2,19",2025-03-07,Albert Heijn
195105,Hak Doperwtjes met worteltjes,"€1,99",2025-03-07,Albert Heijn
409995,AH Biologisch Sperziebonen,"€1,19",2025-03-07,Albert Heijn
128941,AH Aardappel partjes Toscaans gekruid,"€0,95",2025-03-07,Albert Heijn
525255,AH Biologisch Oesterzwammen,"€2,29",2025-03-07,Albert Heijn
107671,AH Cantaloupe meloen,"€2,99",2025-03-07,Albert Heijn
494449,AH Macaroni spaghetti groente kleinverpakki,"€1,49",2025-03-07,Albert Heijn
386042,AH Biologisch Nederlandse appels schaal,"€0,00",2025-03-07,Albert Heijn
840,AH Terra Hollandse bruine bonen,"€1,39",2025-03-07,Albert Heijn
170798,Kanzi Kanzi schaal,"€0,00",2025-03-07,Albert Heijn
490394,SPRANK Appels zak,"€3,29",2025-03-07,Albert Heijn
239244,AH Biologisch Aubergine,"€1,69",2025-03-07,Albert Heijn
104819,AH Biologisch Uiensnippers,"€1,99",2025-03-07,Albert Heijn
409994,AH Biologisch Tuinerwten,"€1,39",2025-03-07,Albert Heijn
117618,"AH Broccoli, wortel, bloemkool","€2,89",2025-03-07,Albert Heijn
582544,AH Paprikablokjes,"€1,79",2025-03-07,Albert Heijn
495901,AH Gesneden verspakket oosterse nasi,"€6,89",2025-03-07,Albert Heijn
202196,Hak Witte bonen in tomatensaus,"€2,59",2025-03-07,Albert Heijn
382562,AH Tuinerwt fijn,"€1,45",2025-03-07,Albert Heijn
185768,AH Luxe wok Japans champignons peultjes,"€2,99",2025-03-07,Albert Heijn
230846,AH Snijbonen kleinverpakking,"€1,99",2025-03-07,Albert Heijn
182914,AH Terra Kidneybonen,"€0,49",2025-03-07,Albert Heijn
917,AH Augurken klein zoetzuur,"€0,85",2025-03-07,Albert Heijn
155598,AH Rucola slamelange grootverpakking,"€2,39",2025-03-07,Albert Heijn
435436,AH Biologisch Slamelange rucola veldsla,"€1,99",2025-03-07,Albert Heijn
169198,AH Biologisch Iets kruimige aardappelen,"€2,59",2025-03-07,Albert Heijn
378626,Heinz Tomaten blokjes naturel,"€1,25",2025-03-07,Albert Heijn
582311,AH Nasi bami groente,"€1,49",2025-03-07,Albert Heijn
62825,AH Kappertjes,"€0,79",2025-03-07,Albert Heijn
57341,AH Roerbakgroente Italiaans kleinverpakking,"€1,89",2025-03-07,Albert Heijn
238972,AH Rozemarijn,"€1,19",2025-03-07,Albert Heijn
189479,AH Gele uien,"€2,19",2025-03-07,Albert Heijn
395979,AH Geschoonde spruitjes kleinverpakking,"€2,09",2025-03-07,Albert Heijn
525357,AH Aardappel partjes provencaals gekruid,"€1,55",2025-03-07,Albert Heijn
195104,Hak Doperwtjes,"€2,39",2025-03-07,Albert Heijn
3861,AH Boeren soepgroente,"€1,99",2025-03-07,Albert Heijn
822,AH Gebroken sperziebonen,"€1,19",2025-03-07,Albert Heijn
168153,AH IJsbergsla grootverpakking,"€2,09",2025-03-07,Albert Heijn
238973,AH Selderij,"€1,19",2025-03-07,Albert Heijn
121475,AH Bloemkoolroosjes voordeelverpakking,"€2,55",2025-03-07,Albert Heijn
202678,AH Aardappelgratin naturel,"€2,65",2025-03-07,Albert Heijn
67746,AH Bladspinazie grof gesneden,"€1,15",2025-03-07,Albert Heijn
365961,Hak Bruine bonen,"€2,99",2025-03-07,Albert Heijn
104815,AH Granny Smith zak,"€4,29",2025-03-07,Albert Heijn
209178,AH Biologisch Appel zak,"€3,99",2025-03-07,Albert Heijn
418284,AH Verse pureersoep tomaat oregano,"€4,29",2025-03-07,Albert Heijn
167872,AH Terra Linzen,"€1,09",2025-03-07,Albert Heijn
197293,AH Gesneden uien grootverpakking,"€2,25",2025-03-07,Albert Heijn
195106,Hak Doperwtjes met worteltjes,"€2,99",2025-03-07,Albert Heijn
491167,AH Snoepgroente tomatenmix,"€2,69",2025-03-07,Albert Heijn
41113,AH Gesneden champignons,"€1,39",2025-03-07,Albert Heijn
101131,AH Biologisch Aardappelschijfjes,"€1,85",2025-03-07,Albert Heijn
108672,AH Biologisch Iets kruimige aardappelen,"€5,99",2025-03-07,Albert Heijn
494451,AH Nasi bami groente kleinverpakking,"€1,59",2025-03-07,Albert Heijn
167874,AH Terra Kikkererwten,"€0,95",2025-03-07,Albert Heijn
455936,AH Krulslamelange,"€1,49",2025-03-07,Albert Heijn
369971,AH Bloemkool broccoli kleinverpakking,"€1,99",2025-03-07,Albert Heijn
98974,AH Boerenkool deelblokjes,"€0,95",2025-03-07,Albert Heijn
207330,Hak Rode kool met stukjes appel,"€2,35",2025-03-07,Albert Heijn
525265,AH Biologisch Shiitake,"€2,49",2025-03-07,Albert Heijn
365661,AH Avocado stukjes,"€1,99",2025-03-07,Albert Heijn
579286,AH Avocado stukjes 2-pack,"€3,98",2025-03-07,Albert Heijn
168090,AH Roerbakgroente Italiaans champignons,"€1,89",2025-03-07,Albert Heijn
378694,AH Kastanjechampignons gesneden,"€2,49",2025-03-07,Albert Heijn
465600,AH Snoepgroente komkommer,"€5,59",2025-03-07,Albert Heijn
216290,Kesbeke Amsterdamse augurkjes zoetzuur,"€2,19",2025-03-07,Albert Heijn
476324,AH Bakaardappeltjes paprika en knoflook,"€1,49",2025-03-07,Albert Heijn
67739,AH Biologisch Cherrytomaten,"€2,99",2025-03-07,Albert Heijn
41084,AH Roerbakgroente Hollands,"€2,49",2025-03-07,Albert Heijn
195102,Hak Witte bonen in tomatensaus,"€3,29",2025-03-07,Albert Heijn
226180,AH Regenboog wortelmix,"€2,99",2025-03-07,Albert Heijn
434655,AH Mexicaanse burritos verspakket,"€5,89",2025-03-07,Albert Heijn
395961,AH Gesneden spitskool,"€2,09",2025-03-07,Albert Heijn
378687,AH Luxe wok Japans sojabonen wortel,"€3,09",2025-03-07,Albert Heijn
418286,AH Slamelange rode biet,"€2,69",2025-03-07,Albert Heijn
482844,AH Flespompoen stukjes,"€3,29",2025-03-07,Albert Heijn
474478,Heinz Tomato frito 2-pack,"€2,35",2025-03-07,Albert Heijn
168091,AH Veldsla grootverpakking,"€2,19",2025-03-07,Albert Heijn
436415,AH Zoete aardappelblokjes,"€2,59",2025-03-07,Albert Heijn
226366,AH Bloemkoolroosjes,"€1,49",2025-03-07,Albert Heijn
525249,AH Luxe wok Japans,"€3,59",2025-03-07,Albert Heijn
577524,AH Aardappelschijfjes duopak,"€1,99",2025-03-07,Albert Heijn
582313,AH Macaroni groente,"€1,49",2025-03-07,Albert Heijn
104064,Bonduelle Crispy maïs,"€2,09",2025-03-07,Albert Heijn
514806,AH Gepelde edamame boontjes,"€2,39",2025-03-07,Albert Heijn
440523,AH Rode linzensoep verspakket,"€4,99",2025-03-07,Albert Heijn
239451,AH Spitskool,"€2,09",2025-03-07,Albert Heijn
377126,AH Knoflook,"€2,35",2025-03-07,Albert Heijn
67690,AH Wokgroente Chinees kleinverpakking,"€1,99",2025-03-07,Albert Heijn
415244,AH Jalapeño peper groen,"€0,55",2025-03-07,Albert Heijn
51774,AH Biologisch Zuurkool naturel,"€1,09",2025-03-07,Albert Heijn
122302,Go-Tan Gehakte knoflook,"€2,15",2025-03-07,Albert Heijn
198387,AH Groentesoep verspakket,"€4,99",2025-03-07,Albert Heijn
96399,AH Eikenblad slamelange,"€1,59",2025-03-07,Albert Heijn
404283,AH Gesneden rode uien,"€1,99",2025-03-07,Albert Heijn
133238,AH Jonge bladsla met rucola,"€1,89",2025-03-07,Albert Heijn
395949,AH Fijngesneden spitskool,"€1,19",2025-03-07,Albert Heijn
80217,AH Botersla,"€2,69",2025-03-07,Albert Heijn
382563,AH Rode kool met appel,"€1,59",2025-03-07,Albert Heijn
399173,AH Thaise groene curry verspakket,"€5,89",2025-03-07,Albert Heijn
418293,AH Verse pureersoep pompoen wortel,"€4,29",2025-03-07,Albert Heijn
395939,AH Boerenkool kleinverpakking,"€1,79",2025-03-07,Albert Heijn
504991,AH Sugar snaps,"€2,79",2025-03-07,Albert Heijn
365960,Hak Bruine bonen,"€1,95",2025-03-07,Albert Heijn
500479,Heinz Tomato blokjes biologisch,"€1,99",2025-03-07,Albert Heijn
525871,AH Zoete uien,"€1,69",2025-03-07,Albert Heijn
197384,AH Rauwkost komkommer,"€2,39",2025-03-07,Albert Heijn
221221,AH Salademix,"€1,49",2025-03-07,Albert Heijn
188141,AH Geschilde bospeen,"€3,89",2025-03-07,Albert Heijn
99028,AH Luxe roerbak Provençaals,"€2,99",2025-03-07,Albert Heijn
234843,Mutti Tomaten concentraat dubbel,"€1,99",2025-03-07,Albert Heijn
399571,AH Ovenfriet zoete aardappel,"€2,09",2025-03-07,Albert Heijn
101207,AH Biologisch Tomaten passata gezeefd,"€1,99",2025-03-07,Albert Heijn
230674,AH Bloemkoolroosjes kleinverpakking,"€1,99",2025-03-07,Albert Heijn
234853,Mutti Passata gezeefde fluweelzachte tomaten,"€2,95",2025-03-07,Albert Heijn
197973,AH Knoflook gemalen,"€0,75",2025-03-07,Albert Heijn
160705,AH Gemengde salade grootverpakking,"€3,99",2025-03-07,Albert Heijn
399645,No Fairytales Wortel tortilla,"€2,99",2025-03-07,Albert Heijn
139461,AH Rauwkost radijs,"€2,39",2025-03-07,Albert Heijn
447162,Kanzi Appels zak,"€3,39",2025-03-07,Albert Heijn
239716,AH Biologisch Passata di pomodoro fijn gekruid,"€2,09",2025-03-07,Albert Heijn
578638,AH Biologisch Passata di pomodoro fijn gekruid 2-pack,"€4,18",2025-03-07,Albert Heijn
492738,AH Chili con carne verspakket,"€5,89",2025-03-07,Albert Heijn
155599,AH Eikenblad slamelange grootverpakking,"€2,59",2025-03-07,Albert Heijn
838,AH Doperwten,"€0,85",2025-03-07,Albert Heijn
517597,AH IJsbergsla fijngesneden,"€1,65",2025-03-07,Albert Heijn
551190,AH Snoepgroente radijsmix,"€2,19",2025-03-07,Albert Heijn
490798,AH Snoepgroente komkommer,"€3,29",2025-03-07,Albert Heijn
525248,AH Luxe roerbak Italiaans cavolo nero,"€3,49",2025-03-07,Albert Heijn
171796,Bonduelle Zwarte bonen,"€1,99",2025-03-07,Albert Heijn
519871,AH Puntpaprika mix,"€3,29",2025-03-07,Albert Heijn
201909,Hak Sperziebonen,"€1,85",2025-03-07,Albert Heijn
234872,Mutti Pomodori pelati,"€1,99",2025-03-07,Albert Heijn
395953,AH Bloemkoolroosjes,"€2,49",2025-03-07,Albert Heijn
446338,AH Oven & airfryer groente zoete aardappel,"€3,99",2025-03-07,Albert Heijn
525845,AH Biologisch Rode uien,"€1,39",2025-03-07,Albert Heijn
165859,AH Biologisch Rode kool,"€2,29",2025-03-07,Albert Heijn
168813,AH Terra Biologisch kikkererwten,"€1,45",2025-03-07,Albert Heijn
226376,AH Peen julienne,"€1,99",2025-03-07,Albert Heijn
435437,AH Jonge bladsla met rucola kleinverpakking,"€1,39",2025-03-07,Albert Heijn
491171,AH Prei kerriesoep verspakket,"€4,99",2025-03-07,Albert Heijn
168788,AH Augurken plakjes zoetzuur,"€1,69",2025-03-07,Albert Heijn
579084,AH Augurken plakjes zoetzuur 2-pack,"€3,38",2025-03-07,Albert Heijn
41078,AH Gesneden uien,"€1,65",2025-03-07,Albert Heijn
216034,AH Rauwkost Amsterdamse ui,"€2,39",2025-03-07,Albert Heijn
226439,Iglo Spinazie fijn gehakt,"€2,35",2025-03-07,Albert Heijn
416509,AH Zongedroogde tomaten jullienne,"€1,99",2025-03-07,Albert Heijn
578636,AH Zongedroogde tomaten jullienne 3-pack,"€5,97",2025-03-07,Albert Heijn
456588,AH Gala schaal,"€0,00",2025-03-07,Albert Heijn
510455,AH Ovenschotel prei-kerrie verspakket,"€5,89",2025-03-07,Albert Heijn
548919,AH Mosterdsoep verspakket,"€4,89",2025-03-07,Albert Heijn
577543,AH Biologisch Kappertjes,"€0,85",2025-03-07,Albert Heijn
490630,AH Tomatenpuree 4-pack,"€2,39",2025-03-07,Albert Heijn
575197,AH Vleestomaten,"€1,75",2025-03-07,Albert Heijn
118083,AH Biologisch Pompoen,"€3,40",2025-03-07,Albert Heijn
206455,AH Paddenstoelen voor pasta en risotto,"€2,99",2025-03-07,Albert Heijn
533524,AH Biologisch Bloemkoolroosjes,"€2,19",2025-03-07,Albert Heijn
162734,Bonduelle Broccoliroosjes,"€2,35",2025-03-07,Albert Heijn
39619,AH Sperziebonen fijn heel,"€1,19",2025-03-07,Albert Heijn
823,AH Gebroken sperziebonen,"€0,75",2025-03-07,Albert Heijn
796,AH Terra Witte bonen in tomatensaus,"€0,79",2025-03-07,Albert Heijn
525266,AH Sojabonen,"€2,49",2025-03-07,Albert Heijn
409996,AH Biologisch Boerenkool deelblokjes,"€1,29",2025-03-07,Albert Heijn
41156,AH Taugé grootverpakking,"€1,99",2025-03-07,Albert Heijn
409912,AH Biologisch Spitskool,"€2,29",2025-03-07,Albert Heijn
168814,AH Terra Biologisch kidneybonen,"€0,99",2025-03-07,Albert Heijn
182993,Bonduelle Crispy maïs bio,"€1,99",2025-03-07,Albert Heijn
62820,AH Cocktail augurken zoetzuur,"€1,19",2025-03-07,Albert Heijn
62593,Heinz Beanz,"€1,19",2025-03-07,Albert Heijn
365662,AH Gegrilde groenten,"€1,99",2025-03-07,Albert Heijn
579287,AH Gegrilde groenten 2-pack,"€3,98",2025-03-07,Albert Heijn
505383,AH Gesneden verspakket pompoen risotto,"€6,89",2025-03-07,Albert Heijn
525262,AH Biologisch Portobello,"€1,65",2025-03-07,Albert Heijn
41186,AH Chinese kool,"€2,19",2025-03-07,Albert Heijn
162733,Bonduelle Tuinerwtjes,"€2,09",2025-03-07,Albert Heijn
168093,AH Wokgroente Thais kleinverpakking,"€1,99",2025-03-07,Albert Heijn
235200,AH Biologisch Taugé,"€1,19",2025-03-07,Albert Heijn
163791,Hak Spliterwten gedroogd,"€2,39",2025-03-07,Albert Heijn
482776,AH Aardappel vastkokend,"€1,79",2025-03-07,Albert Heijn
525240,AH Gesneden verspakket Griekse pita gyros,"€6,89",2025-03-07,Albert Heijn
378629,Heinz Tomaten gezeefd,"€1,29",2025-03-07,Albert Heijn
378627,Heinz Tomaten blokjes basilicum & oregano,"€1,59",2025-03-07,Albert Heijn
833,AH Doperwten en wortelen,"€0,79",2025-03-07,Albert Heijn
4162,AH Maiskolven,"€2,99",2025-03-07,Albert Heijn
41245,Discover Fresh Tuinkers,"€1,35",2025-03-07,Albert Heijn
379922,AH Bloemkoolrijst,"€2,09",2025-03-07,Albert Heijn
416508,AH Tomaten fijngesneden knoflook-Ui,"€1,29",2025-03-07,Albert Heijn
187844,AH Wokgroente Chinees grootverpakking,"€2,99",2025-03-07,Albert Heijn
160648,AH Biologisch Rode kool,"€1,99",2025-03-07,Albert Heijn
238678,AH Biologisch Krieltjes,"€2,35",2025-03-07,Albert Heijn
500478,Heinz Tomato gezeefd biologisch,"€1,69",2025-03-07,Albert Heijn
207507,Hak Sperziebonen,"€2,75",2025-03-07,Albert Heijn
193245,AH Romaine sla,"€2,99",2025-03-07,Albert Heijn
486424,Iglo Spinazie fijn gehakt,"€1,69",2025-03-07,Albert Heijn
162461,AH Biologisch Sjalotten,"€1,29",2025-03-07,Albert Heijn
200547,AH Salie,"€1,19",2025-03-07,Albert Heijn
123186,AH Gesneden kastanjechampignons,"€1,59",2025-03-07,Albert Heijn
226361,Bonduelle Franse sperzieboontjes zeer fijn,"€2,39",2025-03-07,Albert Heijn
365957,AH Terra Biologisch linzen,"€1,39",2025-03-07,Albert Heijn
442839,No Fairytales Paprika & chili tortilla,"€2,99",2025-03-07,Albert Heijn
455363,AH Oven & airfryer courgette rode paprika,"€3,99",2025-03-07,Albert Heijn
216032,AH Muskaatpompoen stukjes,"€2,89",2025-03-07,Albert Heijn
53313,AH Haricots verts,"€1,99",2025-03-07,Albert Heijn
453747,Bonduelle Bloemkool rijst,"€2,39",2025-03-07,Albert Heijn
587052,Bonduelle  Bloemkoolrijst 2-pack,"€4,78",2025-03-07,Albert Heijn
208646,Bonduelle Zwarte bonen,"€1,59",2025-03-07,Albert Heijn
378637,Mutti Tomaten concentraat dubbel,"€1,45",2025-03-07,Albert Heijn
418292,AH Biologisch Rode bieten geraspt,"€2,49",2025-03-07,Albert Heijn
202208,Hak Worteltjes,"€1,99",2025-03-07,Albert Heijn
234856,Mutti Passata gezeefde fluweelzachte tomaten,"€1,95",2025-03-07,Albert Heijn
482839,AH Krieltjes mix vastkokend,"€1,99",2025-03-07,Albert Heijn
188265,AH Terra Zwarte bonen,"€0,99",2025-03-07,Albert Heijn
550007,AH Biologisch Milde kiemgroente,"€1,99",2025-03-07,Albert Heijn
395577,AH Shanghai paksoi,"€2,29",2025-03-07,Albert Heijn
806,AH Wortelen,"€0,75",2025-03-07,Albert Heijn
428726,AH Biologisch Iets kruimige roodschillige aardappelen,"€2,59",2025-03-07,Albert Heijn
582315,AH Roerbakgroente Mexicaans,"€1,69",2025-03-07,Albert Heijn
60741,AH Terra Biologisch hollandse bruine bonen,"€1,19",2025-03-07,Albert Heijn
374223,Hak Linzen,"€2,09",2025-03-07,Albert Heijn
454872,AH Snoepgroente wortel komkommer paprika,"€3,29",2025-03-07,Albert Heijn
525237,AH Gesneden verspakket oosterse bami,"€6,89",2025-03-07,Albert Heijn
31265,AH Terra Chilibonen,"€1,79",2025-03-07,Albert Heijn
572142,AH Koolmix,"€1,49",2025-03-07,Albert Heijn
130484,AH Semi zongedroogde tomaten,"€2,49",2025-03-07,Albert Heijn
435438,AH Jonge bladsla veldsla kleinverpakking,"€1,39",2025-03-07,Albert Heijn
578637,AH Semi zongedroogde tomaten 2-pack,"€4,98",2025-03-07,Albert Heijn
66126,AH Hollands groentepannetje,"€1,49",2025-03-07,Albert Heijn
203226,Bieze Rauwkost coleslaw,"€1,99",2025-03-07,Albert Heijn
530961,AH Gesneden verspakket gado gado,"€6,89",2025-03-07,Albert Heijn
160716,AH Biologisch Witte kool,"€2,29",2025-03-07,Albert Heijn
435433,AH Pureersoep broccoli spinazie,"€4,29",2025-03-07,Albert Heijn
532245,AH Biologisch Krieltjes vastkokend,"€2,19",2025-03-07,Albert Heijn
161402,Hak Haricots verts,"€4,99",2025-03-07,Albert Heijn
162737,Bonduelle Jonge velderwtjes,"€2,19",2025-03-07,Albert Heijn
468585,AH Terra Linzen,"€0,95",2025-03-07,Albert Heijn
187351,AH Gourmande aardappelen,"€0,00",2025-03-07,Albert Heijn
445988,Mutti Tomatenpulp in stukjes bio,"€2,39",2025-03-07,Albert Heijn
495903,AH Gesneden verspakket poke bowl,"€6,89",2025-03-07,Albert Heijn
569511,Hak Kidneybonen,"€1,29",2025-03-07,Albert Heijn
221577,AH Marokkaanse couscous verspakket,"€5,89",2025-03-07,Albert Heijn
504990,AH Peulen,"€2,79",2025-03-07,Albert Heijn
474803,Iglo Biologische spinazie à la crème,"€2,99",2025-03-07,Albert Heijn
435499,AH IJsbergsla melange,"€1,09",2025-03-07,Albert Heijn
4153,Iglo Rode kool met appeltjes,"€2,09",2025-03-07,Albert Heijn
196692,AH BBQ mini krieltjes,"€0,85",2025-03-07,Albert Heijn
410261,AH Citroengras,"€1,59",2025-03-07,Albert Heijn
168310,Royal Geroosterde rode paprika,"€3,79",2025-03-07,Albert Heijn
378630,Heinz Tomaten gepeld biologisch,"€1,49",2025-03-07,Albert Heijn
197296,AH Kleine bloemkool,"€1,89",2025-03-07,Albert Heijn
127726,AH Biologisch Vastkokende aardappelen,"€2,59",2025-03-07,Albert Heijn
117039,Hak Haricots verts,"€3,49",2025-03-07,Albert Heijn
238967,AH Italiaanse kruidenmix,"€1,79",2025-03-07,Albert Heijn
374224,Hak Zwarte bonen,"€2,09",2025-03-07,Albert Heijn
213895,AH Spruitjes,"€1,15",2025-03-07,Albert Heijn
574721,AH Gesneden verspakket tex mex burrito's,"€6,89",2025-03-07,Albert Heijn
458916,Hak Chili sin carne schotel,"€3,09",2025-03-07,Albert Heijn
139463,AH Rauwkost paprika,"€2,39",2025-03-07,Albert Heijn
182994,Bonduelle Crispy mais bio,"€2,99",2025-03-07,Albert Heijn
202209,Hak Doperwtjes,"€3,69",2025-03-07,Albert Heijn
234873,Mutti Pomodoro San Marzano,"€3,59",2025-03-07,Albert Heijn
378628,Heinz Tomaten blokjes met knoflook,"€1,59",2025-03-07,Albert Heijn
184952,CêlaVíta Oma's opbakkers,"€2,19",2025-03-07,Albert Heijn
401382,Bonduelle Crispy maïs 2 mini's,"€2,39",2025-03-07,Albert Heijn
511966,Friethoes Echte verse friet,"€3,29",2025-03-07,Albert Heijn
586575,Friethoes  Echte verse friet 2-pack,"€6,58",2025-03-07,Albert Heijn
525431,AH Fusilli salsa rossa verspakket,"€5,89",2025-03-07,Albert Heijn
63685,AH Rode kool met appel,"€1,09",2025-03-07,Albert Heijn
446488,AH Biologisch Mini rode gekookte bieten,"€1,29",2025-03-07,Albert Heijn
37734,AH Augurken groot zoetzuur,"€1,95",2025-03-07,Albert Heijn
497404,AH Verse Vlaamse friet met schil,"€2,59",2025-03-07,Albert Heijn
374219,Hak Kikkererwten,"€2,09",2025-03-07,Albert Heijn
101170,AH Biologisch Maïskorrels,"€1,69",2025-03-07,Albert Heijn
226362,Bonduelle Mexico melange,"€2,15",2025-03-07,Albert Heijn
379923,AH Courgette spaghetti,"€2,49",2025-03-07,Albert Heijn
445995,Mutti Gepelde tomaten bio,"€2,39",2025-03-07,Albert Heijn
165411,AH Biologisch Gekookte rodekool met appeltjes,"€1,79",2025-03-07,Albert Heijn
208764,CêlaVíta Kruimige aardappelen,"€2,09",2025-03-07,Albert Heijn
545724,AH Biologisch Pittige kiemgroente,"€1,99",2025-03-07,Albert Heijn
468436,Iglo Roerbak groente idee boerenmix,"€3,99",2025-03-07,Albert Heijn
482847,AH Pureersoep zoete aardappel paprika,"€4,29",2025-03-07,Albert Heijn
197707,AH Zeewiersalade,"€3,99",2025-03-07,Albert Heijn
217013,AH Tuinbonen fijn,"€1,75",2025-03-07,Albert Heijn
582314,AH Roerbakgroente Italiaans,"€1,69",2025-03-07,Albert Heijn
159536,AH Terra Witte bonen,"€1,55",2025-03-07,Albert Heijn
374221,Bonduelle Rode kidneybonen bio,"€2,39",2025-03-07,Albert Heijn
395952,AH Bloemkool- en broccoliroosjes,"€2,99",2025-03-07,Albert Heijn
196691,AH Aardappelschijfjes kleinverpakking,"€0,85",2025-03-07,Albert Heijn
238140,AH Biologisch Vastkokende aardappelen,"€5,99",2025-03-07,Albert Heijn
374218,Hak Kidneybonen,"€2,09",2025-03-07,Albert Heijn
492395,AH Doperwten 0% zout,"€1,59",2025-03-07,Albert Heijn
520798,AH Portugese kip piri piri verspakket,"€5,89",2025-03-07,Albert Heijn
582622,AH Biologisch Bloemkoolrijst,"€2,09",2025-03-07,Albert Heijn
414041,Hak Burritoschotel,"€3,09",2025-03-07,Albert Heijn
217014,AH Soepgroenten luxe,"€1,95",2025-03-07,Albert Heijn
578944,AH Snoepgroente bleekselderij,"€1,99",2025-03-07,Albert Heijn
416529,Heinz Tomato Frito,"€2,79",2025-03-07,Albert Heijn
549985,AH Indiase tikka masala verspakket,"€5,89",2025-03-07,Albert Heijn
582197,Heinz Tomato Frito 3-pack,"€8,37",2025-03-07,Albert Heijn
213927,Kühne Gurken viertel zoetzuur,"€2,39",2025-03-07,Albert Heijn
550037,AH Indiase wortelsoep verspakket,"€4,99",2025-03-07,Albert Heijn
564083,AH Gesneden verspakket bloemkoolschotel,"€6,89",2025-03-07,Albert Heijn
39116,AH Hele sperziebonen,"€1,75",2025-03-07,Albert Heijn
435435,AH Wokgroente Thais grootverpakking,"€2,99",2025-03-07,Albert Heijn
459146,AH Terra Bonenmix maïs,"€1,09",2025-03-07,Albert Heijn
825,AH Terra Kapucijners,"€1,99",2025-03-07,Albert Heijn
374222,Bonduelle Kikkererwten bio,"€2,99",2025-03-07,Albert Heijn
195555,Bonduelle Rode kidneybonen,"€1,39",2025-03-07,Albert Heijn
570333,AH Italiaanse pasta pesto verspakket,"€5,89",2025-03-07,Albert Heijn
195561,Bonduelle Doperwtjes,"€1,09",2025-03-07,Albert Heijn
189682,AH Gegrilde rode paprika,"€2,19",2025-03-07,Albert Heijn
216293,Kühne Ambachtelijke slices,"€1,99",2025-03-07,Albert Heijn
547130,AH Biologisch Gekookte maïskolven,"€2,99",2025-03-07,Albert Heijn
575087,AH Biologisch Spaghetti gehaktballetjes verspakket,"€6,49",2025-03-07,Albert Heijn
165791,AH Biologisch Witte kool,"€2,09",2025-03-07,Albert Heijn
195527,AH Rode bieten met ui,"€1,99",2025-03-07,Albert Heijn
202259,Miras Gekookte kikkererwten,"€1,69",2025-03-07,Albert Heijn
404122,AH Oregano,"€1,19",2025-03-07,Albert Heijn
510655,Zespri Kiwi groen organic,"€4,29",2025-03-07,Albert Heijn
185547,Bonduelle Ratatouille a la provencale,"€4,79",2025-03-07,Albert Heijn
537158,AH Champignonsoep verspakket,"€5,15",2025-03-07,Albert Heijn
317,AH Amsterdamse uien,"€0,85",2025-03-07,Albert Heijn
115255,AH Gekookte wijnzuurkool,"€1,05",2025-03-07,Albert Heijn
212137,Hak Bonenschotel Mexicaans,"€3,99",2025-03-07,Albert Heijn
498545,AH Japanse teriyaki verspakket,"€5,89",2025-03-07,Albert Heijn
572375,Knorr Wortel wraps met 35% wortel,"€2,69",2025-03-07,Albert Heijn
162735,Bonduelle Bloemkoolroosjes,"€2,29",2025-03-07,Albert Heijn
171351,Iglo Fijngehakte spinazie met boursin,"€3,49",2025-03-07,Albert Heijn
234870,Mutti Tomates cerises,"€2,35",2025-03-07,Albert Heijn
416472,AH Dino meloen,"€2,99",2025-03-07,Albert Heijn
163903,CêlaVíta Kleintje kriel familieverpakking,"€2,19",2025-03-07,Albert Heijn
226363,Bonduelle Erwtjes en worteltjes,"€2,19",2025-03-07,Albert Heijn
399573,No Fairytales Bieten tortilla,"€2,99",2025-03-07,Albert Heijn
564214,AH Gesneden verspakket Koreaanse bowl kip,"€6,89",2025-03-07,Albert Heijn
111314,AH Krieltjes vastkokend,"€1,99",2025-03-07,Albert Heijn
207339,Hak Rode kool,"€2,09",2025-03-07,Albert Heijn
193255,CêlaVíta Oma's opbakkers familieverpakking,"€3,15",2025-03-07,Albert Heijn
199239,Kesbeke Amsterdamse zilveruitjes,"€1,85",2025-03-07,Albert Heijn
525234,AH Biologisch Gesneden shiitake,"€2,99",2025-03-07,Albert Heijn
569510,Hak Kidneybonen,"€0,99",2025-03-07,Albert Heijn
190839,Bonduelle Rode kidneybonen,"€1,85",2025-03-07,Albert Heijn
203227,Bieze Rauwkost farmer,"€1,99",2025-03-07,Albert Heijn
485310,AH Biologisch Kurkuma,"€1,59",2025-03-07,Albert Heijn
195566,AH Terra Hollandse bruine bonen,"€0,99",2025-03-07,Albert Heijn
434477,Bonduelle Edamame boontjes,"€3,19",2025-03-07,Albert Heijn
115254,AH Gekookte rodekool met appeltjes,"€1,65",2025-03-07,Albert Heijn
220498,Kesbeke Augurken strips,"€2,35",2025-03-07,Albert Heijn
434487,Iglo Roerbak groente idee italiaans,"€3,99",2025-03-07,Albert Heijn
441691,AH Kleine kastanjechampignons,"€1,99",2025-03-07,Albert Heijn
564240,AH Kip siam verspakket,"€5,89",2025-03-07,Albert Heijn
67548,Del Monte Tomatenpuree dubbel geconcentreerd,"€0,59",2025-03-07,Albert Heijn
140616,AH Jalapenos,"€2,39",2025-03-07,Albert Heijn
578641,AH Jalapenos 2-pack,"€4,78",2025-03-07,Albert Heijn
569515,Hak Linzen,"€1,29",2025-03-07,Albert Heijn
583840,Hak Zwarte bonen,"€1,39",2025-03-07,Albert Heijn
525235,AH Gesneden verspakket traybake gnocchi,"€6,99",2025-03-07,Albert Heijn
207532,Hak Rode bieten,"€2,99",2025-03-07,Albert Heijn
203284,Hak Malse veldertjes jonge kapucijners,"€2,49",2025-03-07,Albert Heijn
213922,Hak Boerenkool,"€3,39",2025-03-07,Albert Heijn
207338,Hak Rode bieten,"€1,99",2025-03-07,Albert Heijn
212136,Hak Bonenschotel voor chili con carne,"€3,99",2025-03-07,Albert Heijn
143322,AH Witte asperges,"€2,19",2025-03-07,Albert Heijn
569602,AH Rode uienringen zoetzuur,"€1,59",2025-03-07,Albert Heijn
202197,Hak Witte bonen,"€1,99",2025-03-07,Albert Heijn
195559,Bonduelle Cannellini bonen,"€2,29",2025-03-07,Albert Heijn
582312,AH Roerbakgroente Hollands,"€1,69",2025-03-07,Albert Heijn
216289,Bonduelle Gebroken sperzieboontjes fijn,"€1,29",2025-03-07,Albert Heijn
415243,AH Adjuma peper,"€0,55",2025-03-07,Albert Heijn
484756,AH Gele wortel nasi,"€1,99",2025-03-07,Albert Heijn
578948,AH Snoepgroente paprika,"€1,99",2025-03-07,Albert Heijn
161398,AH Wortelen,"€0,69",2025-03-07,Albert Heijn
389180,Hak Linzencurry,"€3,09",2025-03-07,Albert Heijn
468583,Bonduelle Linzen bio,"€2,99",2025-03-07,Albert Heijn
234850,Mutti Polpa fijne tomatenpulp met basilicum,"€1,99",2025-03-07,Albert Heijn
411215,Kesbeke Amsterdamse smuluitjes,"€2,59",2025-03-07,Albert Heijn
575086,AH Biologisch Italiaanse groentesoep verspakket,"€5,99",2025-03-07,Albert Heijn
165851,AH Koolrabi,"€1,39",2025-03-07,Albert Heijn
473867,AH Goulashsoep verspakket,"€5,49",2025-03-07,Albert Heijn
582604,AH Biologisch Foe yong hai verspakket,"€6,49",2025-03-07,Albert Heijn
487373,AH Biologisch Koningsoesterzwammen,"€2,89",2025-03-07,Albert Heijn
586041,AH Galia meloen,"€2,49",2025-03-07,Albert Heijn
457053,AH Bloemkoolrijst kleinverpakking,"€1,79",2025-03-07,Albert Heijn
469875,AH Terra Biologisch spliterwten,"€1,99",2025-03-07,Albert Heijn
522244,AH Biologisch Romaine sla,"€2,19",2025-03-07,Albert Heijn
570332,AH Sajoer boontjes met gehakt verspakket,"€5,89",2025-03-07,Albert Heijn
41096,CêlaVíta Kleintje kriel,"€1,75",2025-03-07,Albert Heijn
207533,Hak Rode kool,"€2,89",2025-03-07,Albert Heijn
552938,AH Gesneden verspakket kip madras,"€6,89",2025-03-07,Albert Heijn
565231,AH Pureersoep pompoen linzen,"€4,29",2025-03-07,Albert Heijn
578965,AH Oven & airfryer groente bloemkool wortel,"€3,99",2025-03-07,Albert Heijn
226480,Bonduelle Gegrilde groenten mix,"€3,19",2025-03-07,Albert Heijn
545726,AH Biologisch Alfalfa,"€1,29",2025-03-07,Albert Heijn
569513,Hak Kikkererwten,"€1,09",2025-03-07,Albert Heijn
203229,Bieze Rauwkost 4 seizoenen,"€1,99",2025-03-07,Albert Heijn
505425,AH Oven & airfryer prei peen ,"€3,99",2025-03-07,Albert Heijn
397324,Valle del sole Baby mais,"€1,55",2025-03-07,Albert Heijn
199241,Kesbeke Amsterdamse augurken blokjes,"€1,69",2025-03-07,Albert Heijn
471751,AH Terra Cannellini bonen,"€0,99",2025-03-07,Albert Heijn
203286,Hak Witte bonen in tomatensaus,"€2,19",2025-03-07,Albert Heijn
495906,AH Gesneden verspakket shakshuka,"€6,89",2025-03-07,Albert Heijn
478519,Mutti Polpa fijne tomatenpulp 3-pack,"€4,89",2025-03-07,Albert Heijn
569512,Hak Kikkererwten,"€0,99",2025-03-07,Albert Heijn
510587,AH Gesneden verspakket mac'n cheese pompoen,"€6,89",2025-03-07,Albert Heijn
457008,AH Broccolirijst kleinverpakking,"€1,79",2025-03-07,Albert Heijn
578950,AH Snoepgroente wortel bleekselderij,"€1,99",2025-03-07,Albert Heijn
509628,AH Biologisch Wortelpeterselie,"€1,99",2025-03-07,Albert Heijn
588016,AH Gehakt stroganoff verspakket,"€5,89",2025-03-07,Albert Heijn
579957,AH Gesneden verspakket snelle stamppot,"€6,89",2025-03-07,Albert Heijn
169815,AH Mexicaanse guacamole pakket,"€3,99",2025-03-07,Albert Heijn
505427,AH Pureersoep pastinaak knolselderij,"€4,29",2025-03-07,Albert Heijn
572146,Friethoes Franse friet,"€3,29",2025-03-07,Albert Heijn
203228,Bieze Rauwkost komkommer,"€1,99",2025-03-07,Albert Heijn
428673,AH Stamppotaardappelen,"€0,00",2025-03-07,Albert Heijn
101183,AH Biologisch Rode kool met appel,"€0,99",2025-03-07,Albert Heijn
198410,Valle del sole Rode splitlinzen,"€2,89",2025-03-07,Albert Heijn
203285,Hak Veldertjes jonge kapucijners,"€3,39",2025-03-07,Albert Heijn
492305,Hak Edamame bonen,"€2,39",2025-03-07,Albert Heijn
104261,AH Artisjokharten,"€2,69",2025-03-07,Albert Heijn
198412,Valle del sole Popcorn mais,"€2,09",2025-03-07,Albert Heijn
104081,Bonduelle Kikkererwten,"€1,79",2025-03-07,Albert Heijn
115257,AH Kruidenzuurkool,"€0,99",2025-03-07,Albert Heijn
389177,Hak Kidneybonen chilischotel,"€3,09",2025-03-07,Albert Heijn
587046,Bonduelle Kikkererwten 2-pack,"€3,58",2025-03-07,Albert Heijn
63686,AH Prei a la creme deelblokjes,"€1,69",2025-03-07,Albert Heijn
510233,Mutti Polpa fijne tomatenpulp,"€2,99",2025-03-07,Albert Heijn
202198,Hak Kapucijners,"€2,99",2025-03-07,Albert Heijn
482848,AH Kool peen,"€1,49",2025-03-07,Albert Heijn
508391,Kesbeke Amsterdamse dwarsliggers zoet zuur,"€2,19",2025-03-07,Albert Heijn
216288,Hak Spinazie,"€2,99",2025-03-07,Albert Heijn
498725,Hak Tortilla schotel,"€3,09",2025-03-07,Albert Heijn
171759,Bonduelle Chilibonen in saus,"€2,99",2025-03-07,Albert Heijn
583842,Hak Chili bonen,"€1,99",2025-03-07,Albert Heijn
588742,AH Prinses op de erwt verspakket,"€5,89",2025-03-07,Albert Heijn
195554,Bonduelle Linzen,"€1,49",2025-03-07,Albert Heijn
428858,Mutti Le verdurine,"€2,39",2025-03-07,Albert Heijn
415238,AH Jalapeño peper rood,"€0,55",2025-03-07,Albert Heijn
195553,Bonduelle Kikkererwten,"€1,35",2025-03-07,Albert Heijn
129869,AH Rouges,"€0,00",2025-03-07,Albert Heijn
195552,Bonduelle Doperwtjes & worteltjes,"€1,19",2025-03-07,Albert Heijn
577546,Heinz Tomato frito basil,"€1,49",2025-03-07,Albert Heijn
578949,AH Snoepgroente rettich,"€1,99",2025-03-07,Albert Heijn
471758,AH Terra Zwarte bonen,"€0,89",2025-03-07,Albert Heijn
583799,AH Biologisch Maiskorrels 0% zout toegevoegd,"€1,49",2025-03-07,Albert Heijn
160587,AH Doperwten,"€0,79",2025-03-07,Albert Heijn
377964,CêlaVíta Patatas bravas,"€3,25",2025-03-07,Albert Heijn
416526,Heinz Tomato Frito olive,"€1,59",2025-03-07,Albert Heijn
562282,AH Op smaak gebakken tomaten,"€0,89",2025-03-07,Albert Heijn
565216,Asian choice Edamame,"€1,99",2025-03-07,Albert Heijn
574201,AH Cocktail trostomaten,"€3,35",2025-03-07,Albert Heijn
577525,AH Krieltjes duopak,"€1,99",2025-03-07,Albert Heijn
124474,AH Rode bieten,"€1,69",2025-03-07,Albert Heijn
214623,CêlaVíta Roast potatoes,"€3,55",2025-03-07,Albert Heijn
107160,AH Biologisch Wijnzuurkool,"€1,39",2025-03-07,Albert Heijn
572376,Knorr Tomaten wraps,"€2,69",2025-03-07,Albert Heijn
457476,CêlaVíta Rode opbakkers,"€1,99",2025-03-07,Albert Heijn
543987,Heinz Tomato frito,"€1,19",2025-03-07,Albert Heijn
469879,AH Terra Biologisch rode linzen,"€1,99",2025-03-07,Albert Heijn
65767,Drogheria Knoflook,"€3,79",2025-03-07,Albert Heijn
365959,Hak Bruine bonen,"€1,79",2025-03-07,Albert Heijn
104082,Bonduelle Linzen,"€1,99",2025-03-07,Albert Heijn
434486,Iglo Roerbak groente idee hollands,"€3,99",2025-03-07,Albert Heijn
399570,AH Broccolirijst,"€2,29",2025-03-07,Albert Heijn
216639,Verstegen Knoflook poeder,"€3,49",2025-03-07,Albert Heijn
162739,Bonduelle Spruitjes,"€2,19",2025-03-07,Albert Heijn
202207,Hak Tuinboontjes,"€2,99",2025-03-07,Albert Heijn
553380,Hak Mexicanez wraps,"€3,29",2025-03-07,Albert Heijn
190834,Bonduelle Jonge velderwtjes,"€1,39",2025-03-07,Albert Heijn
201908,Hak Doperwtjes,"€1,99",2025-03-07,Albert Heijn
213920,Hak Spinazie met room,"€2,69",2025-03-07,Albert Heijn
197708,AH Zeekraal,"€3,49",2025-03-07,Albert Heijn
476323,AH Krieltjes kleinverpakking,"€0,85",2025-03-07,Albert Heijn
199121,Kühne Augurken zoetzuur,"€1,69",2025-03-07,Albert Heijn
199157,Kesbeke Zoet-zure augurken blokjes,"€2,19",2025-03-07,Albert Heijn
587569,AH Romige pasta zalm courgette verspakket,"€5,89",2025-03-07,Albert Heijn
195541,AH Terra Lima bonen,"€1,65",2025-03-07,Albert Heijn
160586,AH Doperwten en wortelen,"€0,69",2025-03-07,Albert Heijn
225858,AH Iets kruimige aardappelen,"€1,59",2025-03-07,Albert Heijn
365958,AH Terra Biologisch witte bonen,"€1,59",2025-03-07,Albert Heijn
115032,Bonduelle Franse sperzieboontjes zeer fijn,"€1,89",2025-03-07,Albert Heijn
471743,AH Terra Borlotti bonen,"€0,99",2025-03-07,Albert Heijn
525354,AH Aardappel ovenschaal groene kruiden,"€2,99",2025-03-07,Albert Heijn
41128,AH Gekookte wijnzuurkool,"€0,85",2025-03-07,Albert Heijn
446041,Mutti Triplo tomatenconcentraat,"€2,69",2025-03-07,Albert Heijn
567052,AH Avocado Eetrijp 3-pack,"€8,97",2025-03-07,Albert Heijn
578951,AH Snoepgroente paprika wortel,"€1,99",2025-03-07,Albert Heijn
213919,Hak Spinazie,"€2,59",2025-03-07,Albert Heijn
378631,Heinz Tomaten gepeld,"€1,25",2025-03-07,Albert Heijn
115055,AH Iets kruimige roodschillige aardappelen,"€4,39",2025-03-07,Albert Heijn
207337,Hak Rode kool met stukjes appel,"€2,09",2025-03-07,Albert Heijn
221518,AH Pepermix,"€1,85",2025-03-07,Albert Heijn
509350,AH Maiskorrels fris en crispy 2 kleintjes,"€1,89",2025-03-07,Albert Heijn
202049,AH Friet aardappelen,"€4,99",2025-03-07,Albert Heijn
525260,AH Oven & airfryer groente koolraap,"€3,99",2025-03-07,Albert Heijn
416511,AH Jalapeno plakjes,"€2,39",2025-03-07,Albert Heijn
578635,AH Jalapeno plakjes 2-pack,"€4,78",2025-03-07,Albert Heijn
552784,CêlaVíta Halve kriel,"€1,59",2025-03-07,Albert Heijn
525344,AH Gegrilde groentemix,"€2,99",2025-03-07,Albert Heijn
60743,AH Biologisch Gebroken sperziebonen,"€1,09",2025-03-07,Albert Heijn
462761,AH Biologisch Rode bieten blokjes,"€1,99",2025-03-07,Albert Heijn
233987,"Hak Bonenmix kidney, wit en bruin","€2,49",2025-03-07,Albert Heijn
517588,AH Gesneden verspakket Japanse teriyaki,"€6,89",2025-03-07,Albert Heijn
569516,Hak Bruine bonen,"€1,29",2025-03-07,Albert Heijn
199122,Kühne Augurken,"€2,29",2025-03-07,Albert Heijn
207336,Hak Rode bieten,"€1,89",2025-03-07,Albert Heijn
208645,Hak Gesneden bonen met witte bonen,"€3,49",2025-03-07,Albert Heijn
509501,Bonduelle Tuinboontjes,"€2,29",2025-03-07,Albert Heijn
585661,AH Terra Biologisch zwarte bonen,"€2,79",2025-03-07,Albert Heijn
39187,Bonduelle Mexicana mix,"€1,69",2025-03-07,Albert Heijn
414965,Verstegen Knoflookpoeder,"€1,99",2025-03-07,Albert Heijn
416515,AH Paprika rode reepjes,"€2,89",2025-03-07,Albert Heijn
578633,AH Paprika rode reepjes 2-pack,"€5,78",2025-03-07,Albert Heijn
124522,AH Haricot verts,"€1,69",2025-03-07,Albert Heijn
572145,Friethoes Verse friet,"€4,39",2025-03-07,Albert Heijn
230679,AH Uienmix,"€1,89",2025-03-07,Albert Heijn
445996,Mutti Passata gezeefde tomaten bio,"€3,39",2025-03-07,Albert Heijn
579958,AH Terra Plantaardig gesneden verspakket dahl,"€6,89",2025-03-07,Albert Heijn
587754,AH Fakirs vliegend tapijt pizza verspakket,"€6,99",2025-03-07,Albert Heijn
543645,Heinz Tomato frito,"€1,99",2025-03-07,Albert Heijn
53938,AH Terra Jonge kapucijners			,"€1,25",2025-03-07,Albert Heijn
419527,Bonduelle Edamame bonen 2 mini's,"€2,99",2025-03-07,Albert Heijn
66113,AH Biologisch Doperwten,"€1,59",2025-03-07,Albert Heijn
190835,Bonduelle Worteltjes extra fijn,"€1,25",2025-03-07,Albert Heijn
233982,Hak Rode bieten sticks,"€2,49",2025-03-07,Albert Heijn
553379,Hak Mexicanez nachos,"€3,29",2025-03-07,Albert Heijn
203282,Hak Sperziebonen,"€1,59",2025-03-07,Albert Heijn
387943,Bonduelle Edamame bonen,"€2,39",2025-03-07,Albert Heijn
453751,AH Gegrilde groenten,"€2,85",2025-03-07,Albert Heijn
583926,AH Gesneden verspakket orzotto,"€6,89",2025-03-07,Albert Heijn
561986,AH Aardappel ovenschaal zeezout peper,"€2,89",2025-03-07,Albert Heijn
199154,Kesbeke Zoet-zure augurken plakjes,"€2,19",2025-03-07,Albert Heijn
202195,Hak Kapucijners,"€1,99",2025-03-07,Albert Heijn
440495,Bieze Witte kool rauwkost,"€1,99",2025-03-07,Albert Heijn
585659,AH Terra Edamame,"€1,59",2025-03-07,Albert Heijn
198415,Valle del sole Groene spliterwten,"€2,09",2025-03-07,Albert Heijn
443204,AH Pompoen lasagneblad,"€3,59",2025-03-07,Albert Heijn
569514,Hak Linzen,"€0,99",2025-03-07,Albert Heijn
39196,Bonduelle Rode kool met appel,"€1,25",2025-03-07,Albert Heijn
188266,AH Terra Cannellini bonen,"€1,19",2025-03-07,Albert Heijn
183202,Kühne Gurken viertel zoetzuur,"€1,49",2025-03-07,Albert Heijn
190838,Bonduelle Reuzenbonen,"€2,15",2025-03-07,Albert Heijn
416510,AH Gegrilde artisjok in olie,"€1,49",2025-03-07,Albert Heijn
578632,AH Gegrilde artisjok in olie 2-pack,"€2,98",2025-03-07,Albert Heijn
39188,Bonduelle Mexicana mix,"€2,59",2025-03-07,Albert Heijn
578953,AH Snoepgroente paprika bleekselderij,"€1,99",2025-03-07,Albert Heijn
195516,Bonduelle Chilibonen in saus,"€1,79",2025-03-07,Albert Heijn
513764,Bonduelle Beluga linzen 2 mini's,"€2,19",2025-03-07,Albert Heijn
101165,AH Biologisch Wortelen,"€0,79",2025-03-07,Albert Heijn
435897,Hak Kikkererwten,"€1,99",2025-03-07,Albert Heijn
479673,Royal Zongedroogde tomaten in olie,"€2,75",2025-03-07,Albert Heijn
537161,AH Pasta funghi verspakket,"€5,89",2025-03-07,Albert Heijn
561859,AH Paddenstoelen voor wokgerecht en noedels,"€2,99",2025-03-07,Albert Heijn
577883,AH Biologisch Bieslook plantje,"€1,49",2025-03-07,Albert Heijn
577885,AH Biologisch Peterselie plantje,"€1,49",2025-03-07,Albert Heijn
164338,Bonduelle Jonge kapucijners,"€1,49",2025-03-07,Albert Heijn
234031,AH Rawit pepers,"€1,85",2025-03-07,Albert Heijn
234851,Mutti Polpa fijne tomatenpulp met knoflook,"€1,99",2025-03-07,Albert Heijn
234874,Mutti Pomodorini datterini,"€2,39",2025-03-07,Albert Heijn
569524,Hak Bonenmix,"€1,29",2025-03-07,Albert Heijn
389183,Bonduelle Kikkererwten 2 mini's voor salades,"€1,99",2025-03-07,Albert Heijn
414045,Hak Bonenmix met mais,"€2,49",2025-03-07,Albert Heijn
203283,Hak Gesneden bonen,"€2,29",2025-03-07,Albert Heijn
492214,Bonduelle Rode bietenblokjes 2 mini's voor salades,"€2,19",2025-03-07,Albert Heijn
196694,AH Aardappelpartjes kleinverpakking,"€0,85",2025-03-07,Albert Heijn
199120,Kühne Amsterdamse uien,"€1,49",2025-03-07,Albert Heijn
525356,AH Aardappel ovenschaal spek en ui,"€2,99",2025-03-07,Albert Heijn
839,AH Doperwten,"€1,49",2025-03-07,Albert Heijn
387942,Bonduelle Bonenmix met crispy maïs,"€1,69",2025-03-07,Albert Heijn
66112,AH Biologisch Doperwten wortelen,"€1,39",2025-03-07,Albert Heijn
589147,AH Curry masala verspakket,"€5,89",2025-03-07,Albert Heijn
469872,AH Terra Biologisch bruine bonen,"€2,99",2025-03-07,Albert Heijn
471760,AH Terra Lima bonen,"€0,89",2025-03-07,Albert Heijn
577547,Heinz Tomato frito chili,"€1,49",2025-03-07,Albert Heijn
587318,AH Gesneden verspakket yakisoba,"€6,89",2025-03-07,Albert Heijn
525345,AH Gegrilde paprikamix,"€2,99",2025-03-07,Albert Heijn
569523,Hak Bonenmix,"€0,99",2025-03-07,Albert Heijn
578952,AH Snoepgroente radijs wortel,"€1,99",2025-03-07,Albert Heijn
190836,Bonduelle Tuinboontjes,"€1,39",2025-03-07,Albert Heijn
199240,Kesbeke Amsterdamse mini augurken,"€1,69",2025-03-07,Albert Heijn
469874,AH Terra Biologisch groene linzen,"€1,99",2025-03-07,Albert Heijn
553381,Hak Mexicanez taco's,"€3,29",2025-03-07,Albert Heijn
577884,AH Biologisch Munt plantje,"€1,49",2025-03-07,Albert Heijn
404411,Valle del sole Bamboescheuten,"€1,09",2025-03-07,Albert Heijn
485769,Bonduelle Crispy mais 0% zout toegevoegd,"€1,89",2025-03-07,Albert Heijn
569505,Bonduelle Zwarte kikkererwten,"€1,49",2025-03-07,Albert Heijn
190837,Bonduelle Doperwtjes,"€2,19",2025-03-07,Albert Heijn
389182,Bonduelle Rode kidneybonen 2 mini's,"€2,39",2025-03-07,Albert Heijn
235728,Bonduelle Bonenmix,"€2,99",2025-03-07,Albert Heijn
435898,Hak Kidneybonen,"€2,19",2025-03-07,Albert Heijn
39140,AH Terra Tuinbonen,"€1,49",2025-03-07,Albert Heijn
39177,Bonduelle Snijboontjes,"€1,35",2025-03-07,Albert Heijn
382051,Kesbeke Hamburger plakjes zoet zuur,"€1,99",2025-03-07,Albert Heijn
416512,AH Kapperappeltjes,"€1,89",2025-03-07,Albert Heijn
525269,AH Groente & granen volkoren couscous,"€3,89",2025-03-07,Albert Heijn
824,AH Terra Tuinbonen,"€1,15",2025-03-07,Albert Heijn
213921,Hak Boerenkool,"€2,59",2025-03-07,Albert Heijn
543985,Heinz Tomato frito original 4-pack,"€4,19",2025-03-07,Albert Heijn
378645,Mutti Polpa fijne tomatenpulp 2-pack,"€2,69",2025-03-07,Albert Heijn
525231,AH Groente & granen volkoren bulgur,"€3,89",2025-03-07,Albert Heijn
115037,Bonduelle Doperwtjes festini,"€2,79",2025-03-07,Albert Heijn
572030,AH Terra Plantaardige verspakket groentecurry,"€6,89",2025-03-07,Albert Heijn
234860,Mutti Passata gezeefde tomaten basilicum,"€2,29",2025-03-07,Albert Heijn
578943,AH Snoepgroente bleekselderij wortel,"€3,29",2025-03-07,Albert Heijn
198411,Valle del sole Kikkererwten,"€2,69",2025-03-07,Albert Heijn
468776,AH Terra Chilibonen,"€1,19",2025-03-07,Albert Heijn
585656,AH Terra Witte bonen,"€0,79",2025-03-07,Albert Heijn
207527,Hak Rode bieten met ui,"€2,39",2025-03-07,Albert Heijn
433695,Calvé Salademix kruiden knoflook,"€1,65",2025-03-07,Albert Heijn
563402,AH Avocado eetrijp 4-pack,"€11,96",2025-03-07,Albert Heijn
585660,AH Terra Black eyed bonen,"€0,85",2025-03-07,Albert Heijn
167876,AH Terra Hollandse bruine bonen,"€0,69",2025-03-07,Albert Heijn
96048,AH Blanches aardappelen,"€0,00",2025-03-07,Albert Heijn
188608,Aarts Asperges,"€4,69",2025-03-07,Albert Heijn
213354,Carbonell Kappertjes nonpareilles,"€2,09",2025-03-07,Albert Heijn
213925,Maille Cornichons extra fins,"€3,95",2025-03-07,Albert Heijn
520709,Hak Uit de oven gevulde paprika,"€3,09",2025-03-07,Albert Heijn
561377,AH Eenpans schelpjespasta verspakket,"€5,89",2025-03-07,Albert Heijn
469873,AH Terra Biologisch gele splitlinzen,"€2,49",2025-03-07,Albert Heijn
516449,AH Gesneden verspakket kruidige Jambalaya,"€6,89",2025-03-07,Albert Heijn
544204,AH Gesneden Nasi Verspakket,"€11,88",2025-03-07,Albert Heijn
199884,Royal Zongedroogde tomaten met kruiden,"€3,09",2025-03-07,Albert Heijn
424928,AH Gemarineerde artisjok,"€2,49",2025-03-07,Albert Heijn
578634,AH Gemarineerde artisjok 2-pack,"€4,98",2025-03-07,Albert Heijn
585657,AH Terra Witte bonen tomatensaus,"€0,75",2025-03-07,Albert Heijn
120873,AH Cocktail augurken zuur,"€1,19",2025-03-07,Albert Heijn
212138,Hak Spruitjes,"€3,75",2025-03-07,Albert Heijn
213356,Royal Groene pepers,"€2,29",2025-03-07,Albert Heijn
569509,Bonduelle Pinto bonen,"€1,49",2025-03-07,Albert Heijn
588726,AH Gesneden verspakket black bean noodles,"€6,89",2025-03-07,Albert Heijn
199173,Kühne Cocktail cornichons zoetzuur,"€1,59",2025-03-07,Albert Heijn
469876,AH Terra Biologisch kikkererwten,"€1,99",2025-03-07,Albert Heijn
521065,Bonduelle Crispy maïs 3-pack voordeel,"€4,29",2025-03-07,Albert Heijn
570339,AH Mexicaanse Burritos Verspakket,"€14,42",2025-03-07,Albert Heijn
457413,AH Biologisch Bellebio schaal,"€0,00",2025-03-07,Albert Heijn
446796,Bonduelle Jonge velderwtjes 2 mini's,"€2,29",2025-03-07,Albert Heijn
541117,AH Italiaanse Lasagne Verspakket,"€14,32",2025-03-07,Albert Heijn
588215,AH Gesneden verspakket falafel bowl,"€6,89",2025-03-07,Albert Heijn
543644,Mutti Tomate frito,"€1,99",2025-03-07,Albert Heijn
576592,AH Biologisch Smaakmakermix,"€2,99",2025-03-07,Albert Heijn
115256,AH Gekookte wijnzuurkool met spek,"€1,49",2025-03-07,Albert Heijn
135876,Bonduelle Maïs salsa,"€2,49",2025-03-07,Albert Heijn
382407,Royal Jalapeno mix,"€2,25",2025-03-07,Albert Heijn
195620,Bonduelle Macedoine de legumes,"€1,39",2025-03-07,Albert Heijn
564306,Iglo Bladspinazie á la crème,"€2,69",2025-03-07,Albert Heijn
569507,Bonduelle Mung bonen,"€1,49",2025-03-07,Albert Heijn
131982,Drogheria Knoflook & peper,"€3,39",2025-03-07,Albert Heijn
139010,Kühne Kleine augurken met fijne kruiden,"€2,99",2025-03-07,Albert Heijn
195535,Aarts Mini champignons heel,"€2,59",2025-03-07,Albert Heijn
199854,Carbonell Groene peper,"€1,79",2025-03-07,Albert Heijn
106251,Grand' Italia Pomodori secchi zongedroogde tomaten,"€4,79",2025-03-07,Albert Heijn
199164,Kühne Zoete augurkjes met honing,"€2,99",2025-03-07,Albert Heijn
435892,Bonduelle Kikkererwten bio,"€1,89",2025-03-07,Albert Heijn
462142,Royal Tomatenreepjes in 100% ev olijfolie,"€3,69",2025-03-07,Albert Heijn
496082,Samasaya Jackfruit naturel,"€2,99",2025-03-07,Albert Heijn
566923,AH Aardappel Schijfjes 3-pack,"€3,87",2025-03-07,Albert Heijn
568345,AH Gesneden uien grootverpakking 2-pack,"€4,50",2025-03-07,Albert Heijn
485623,Royal Gemarineerde artisjokharten,"€3,89",2025-03-07,Albert Heijn
465737,Miras Gekookte wite bonen Jumbo,"€1,99",2025-03-07,Albert Heijn
575604,AH Biologisch Spaghetti met Gehaktballetjes Verspakket,"€12,47",2025-03-07,Albert Heijn
578938,AH Snoepgroente komkommer wortel radijs,"€3,29",2025-03-07,Albert Heijn
37735,AH Augurken klein zuur,"€0,95",2025-03-07,Albert Heijn
471761,AH Terra Kidneybonen groen,"€0,99",2025-03-07,Albert Heijn
555345,AH Kapsalon met kip verspakket,"€5,89",2025-03-07,Albert Heijn
567885,AH Ovenschotel Prei-Kerrie Verspakket,"€13,43",2025-03-07,Albert Heijn
569506,Bonduelle Adzuki bonen,"€1,49",2025-03-07,Albert Heijn
569544,Boon Lupine bonen,"€1,89",2025-03-07,Albert Heijn
589148,AH Falafel met groente verspakket,"€5,89",2025-03-07,Albert Heijn
469880,AH Terra Biologisch witte bonen,"€2,49",2025-03-07,Albert Heijn
585134,AH Terra Plantaardig gesneden verspakket tandoori,"€6,89",2025-03-07,Albert Heijn
585662,AH Terra Biologisch zwarte bonen,"€2,99",2025-03-07,Albert Heijn
579961,AH Gesneden verspakket bulgogi bowl,"€6,89",2025-03-07,Albert Heijn
198409,Valle del sole Gele spliterwten,"€1,99",2025-03-07,Albert Heijn
199119,Kühne Rauwkost zoetzuur,"€1,89",2025-03-07,Albert Heijn
218205,Kesbeke Gesnipperde uitjes,"€1,69",2025-03-07,Albert Heijn
468589,Kesbeke Mini augurkjes zuur,"€1,69",2025-03-07,Albert Heijn
164088,Royal Geroosterde gele paprika,"€3,79",2025-03-07,Albert Heijn
475978,AH Bloemkool couscous,"€2,99",2025-03-07,Albert Heijn
568261,AH Tomatensoep verspakket,"€8,97",2025-03-07,Albert Heijn
212263,AH Radijs,"€1,09",2025-03-07,Albert Heijn
492787,Royal Paddestoelenmix,"€4,09",2025-03-07,Albert Heijn
514393,AH Gesneden Pokebowl Verspakket,"€12,83",2025-03-07,Albert Heijn
440522,AH Griekse Moussaka verspakket,"€5,89",2025-03-07,Albert Heijn
568568,AH Romaine sla 2-pack,"€5,98",2025-03-07,Albert Heijn
198413,Valle del sole Witte bonen,"€2,55",2025-03-07,Albert Heijn
585658,AH Terra Witte bonen,"€0,79",2025-03-07,Albert Heijn
115030,Bonduelle Franse sperzieboontjes,"€3,29",2025-03-07,Albert Heijn
234869,Mutti Pomodori filetti,"€2,39",2025-03-07,Albert Heijn
163625,Kühne Wortel zoetzuur,"€1,99",2025-03-07,Albert Heijn
198414,Valle del sole Groene linzen,"€2,49",2025-03-07,Albert Heijn
374225,Kühne Cocktailsalade zoetzuur,"€1,89",2025-03-07,Albert Heijn
584208,AH Vega Gesneden Eenpans Orzotto Verspakket,"€8,88",2025-03-07,Albert Heijn
543629,Mutti Passata datterini gezeefde tomaten,"€2,99",2025-03-07,Albert Heijn
199117,Kühne Paprikareepjes,"€1,89",2025-03-07,Albert Heijn
572130,AH Groente & granen zilvervliesrijst,"€3,89",2025-03-07,Albert Heijn
572373,AH Champignonsoep verspakket,"€7,39",2025-03-07,Albert Heijn
170729,AH Biologisch Augurken zoetzuur,"€2,19",2025-03-07,Albert Heijn
537159,AH Groentestoof geitenkaas verspakket,"€5,89",2025-03-07,Albert Heijn
569545,Boon Kidneybonen in chilisaus,"€2,59",2025-03-07,Albert Heijn
569548,Boon Linzen in kruidige tomatensaus,"€2,79",2025-03-07,Albert Heijn
202260,Miras Gekookte wite bonen,"€1,85",2025-03-07,Albert Heijn
569600,AH Komkommerblokjes pittig,"€1,59",2025-03-07,Albert Heijn
426531,Sera Gevulde wijnbladeren,"€2,99",2025-03-07,Albert Heijn
441007,Smaakt Lupinebonen 340g - bio,"€2,59",2025-03-07,Albert Heijn
583753,AH Terra Gesneden Dahl Verspakket,"€8,58",2025-03-07,Albert Heijn
216297,Kühne Kleine augurken zoet,"€2,59",2025-03-07,Albert Heijn
568302,AH Curry Madras Verspakket,"€12,37",2025-03-07,Albert Heijn
573894,AH Gesneden Bami Verspakket,"€12,27",2025-03-07,Albert Heijn
583789,AH Gesneden Snelle Stampot Verspakket,"€12,93",2025-03-07,Albert Heijn
106245,Carbonell Knoflookteentjes,"€1,79",2025-03-07,Albert Heijn
161399,AH Rode kool met appel,"€0,49",2025-03-07,Albert Heijn
541732,AH Vega champignonsoep verspakket,"€7,39",2025-03-07,Albert Heijn
564242,AH Cajun kip verspakket,"€5,89",2025-03-07,Albert Heijn
202199,Hak Witte bonen,"€3,29",2025-03-07,Albert Heijn
362004,Sera Geroosterde Aubergine (roasted eggplant),"€2,29",2025-03-07,Albert Heijn
583756,AH Italiaanse Pasta Pesto Verspakket,"€15,71",2025-03-07,Albert Heijn
198416,Valle del sole Zwarte oogbonen,"€2,75",2025-03-07,Albert Heijn
569135,AH Mexicaanse Chili Con Carne Verspakket,"€11,67",2025-03-07,Albert Heijn
569547,Boon Kikkererwten in curry,"€2,79",2025-03-07,Albert Heijn
138514,Peppadew Sweet pikante pepers,"€4,99",2025-03-07,Albert Heijn
465740,Miras Kikkererwten dubbel geroosterd,"€2,39",2025-03-07,Albert Heijn
469878,AH Terra Biologisch kidneybonen,"€2,79",2025-03-07,Albert Heijn
582347,Asian choice Lemongrass,"€3,49",2025-03-07,Albert Heijn
589164,AH Terra Pasta met groente en spinazie verspakket,"€6,89",2025-03-07,Albert Heijn
543626,Mutti Passata rossoro gezeefde tomaten,"€2,99",2025-03-07,Albert Heijn
567905,AH Groentesoep verspakket,"€9,37",2025-03-07,Albert Heijn
569549,Boon Bruine bonen in stoof,"€2,59",2025-03-07,Albert Heijn
201910,Hak Bonenschotel Mexicaans,"€2,99",2025-03-07,Albert Heijn
567928,AH Gesneden Koreaanse Bowl Verspakket,"€10,03",2025-03-07,Albert Heijn
588070,AH Romige Pasta Zalm Courgette Verspakket,"€12,06",2025-03-07,Albert Heijn
546332,AH Linzen 4-pack,"€4,36",2025-03-07,Albert Heijn
567923,AH Thaise Groene Curry Verspakket,"€12,37",2025-03-07,Albert Heijn
569550,Boon Zwarte bonen in teriyakisaus,"€2,79",2025-03-07,Albert Heijn
569601,AH Rode bietschijfjes zoetzuur,"€1,59",2025-03-07,Albert Heijn
570600,AH Sajoer Boontjes Verspakket,"€11,67",2025-03-07,Albert Heijn
568207,AH Portugese Kip Piri Piri Verspakket,"€12,07",2025-03-07,Albert Heijn
568931,AH Gesneden Mac 'n Cheese Verspakket,"€13,66",2025-03-07,Albert Heijn
583794,AH Gesneden Bulgogi Bowl Verspakket,"€13,88",2025-03-07,Albert Heijn
574816,AH Indiase wortelsoep verspakket,"€9,96",2025-03-07,Albert Heijn
585383,AH Vega Gesneden TexMex Burrito Verspakket,"€11,69",2025-03-07,Albert Heijn
465743,Sera Sus Biber (hete pepers),"€1,99",2025-03-07,Albert Heijn
576352,AH Vega Gesneden Nasi Verspakket,"€10,24",2025-03-07,Albert Heijn
198148,Sera Karisik Tursu (gemengde groente in zuur),"€2,49",2025-03-07,Albert Heijn
576295,AH Vega Gesneden Pita Gyros Verspakket,"€10,24",2025-03-07,Albert Heijn
583947,AH Terra Aardappelpuree,"€2,49",2025-03-07,Albert Heijn
585635,Hak Kikkererwten & lupine mix proteïne,"€2,79",2025-03-07,Albert Heijn
426484,Siof Green Olives without pit,"€2,99",2025-03-07,Albert Heijn
441710,AH Buitenbeentjes Kastanjechampignons,"€1,99",2025-03-07,Albert Heijn
575153,AH Eenpansgerecht Schelpjespasta Verspakket,"€11,57",2025-03-07,Albert Heijn
585153,AH Vega Bio Foe Yong Hai Verspakket,"€12,29",2025-03-07,Albert Heijn
101181,AH Biologisch Rode bieten gesneden,"€1,59",2025-03-07,Albert Heijn
466156,Miras Domates Salcasi (tomaten puree),"€2,99",2025-03-07,Albert Heijn
568245,AH Vega Italiaanse Lasagne Verspakket,"€12,32",2025-03-07,Albert Heijn
568927,AH Vega Portugese Kip Piri Piri Verspakket,"€11,67",2025-03-07,Albert Heijn
572383,AH Terra Groentecurry Verspakket,"€10,18",2025-03-07,Albert Heijn
198420,Valle del sole Rode kidney bonen,"€2,89",2025-03-07,Albert Heijn
435891,Bonduelle Rode kidneybonen bio,"€1,99",2025-03-07,Albert Heijn
567921,AH Vega Groentesoep verspakket,"€5,98",2025-03-07,Albert Heijn
576047,AH Snoepgroente pakket tomaat en komkommer,"€11,58",2025-03-07,Albert Heijn
583790,AH Vega Gesneden Snelle Stamppot Verspakket,"€9,28",2025-03-07,Albert Heijn
589445,AH Gesneden Bloemkoolschotel Verspakket,"€15,12",2025-03-07,Albert Heijn
562394,Iglo Favorieten pakket,"€7,44",2025-03-07,Albert Heijn
567926,AH Vega Gesneden Koreaanse Bowl Verspakket,"€10,24",2025-03-07,Albert Heijn
569136,AH Vega Chili Con Carne Verspakket,"€8,03",2025-03-07,Albert Heijn
569871,AH Vega Gesneden Shakshuka Verspakket,"€9,08",2025-03-07,Albert Heijn
576162,AH Vega Gesneden Teriyaki Verspakket,"€9,58",2025-03-07,Albert Heijn
585293,Hak Mais,"€1,79",2025-03-07,Albert Heijn
589294,Merchant Gourmet Persian style quinoa & lentils,"€3,49",2025-03-07,Albert Heijn
589491,AH Gesneden Falafel Bowl Verspakket,"€10,87",2025-03-07,Albert Heijn
589500,AH Gesneden Tex Mex Burrito's Verspakket,"€13,33",2025-03-07,Albert Heijn
426474,Sera Kappertjes,"€2,99",2025-03-07,Albert Heijn
568303,AH Vega Curry Madras Verspakket,"€9,48",2025-03-07,Albert Heijn
573855,AH Vega Gesneden Bami Verspakket,"€10,77",2025-03-07,Albert Heijn
575605,AH Vega Biologisch Spaghetti Verspakket,"€9,67",2025-03-07,Albert Heijn
585292,Hak Mais,"€1,19",2025-03-07,Albert Heijn
585688,Boon Kikkererwten in curry,"€1,59",2025-03-07,Albert Heijn
589448,AH Erwtensoep Verspakket,"€11,30",2025-03-07,Albert Heijn
589453,AH Gesneden Kruidige Jambalaya Verspakket,"€9,88",2025-03-07,Albert Heijn
468601,Bonduelle Linzen bio,"€1,89",2025-03-07,Albert Heijn
568930,AH Vega Gesneden Mac 'n Cheese Verspakket,"€11,06",2025-03-07,Albert Heijn
576056,AH Biologisch Snoepgroente pakket voor de hele week,"€11,99",2025-03-07,Albert Heijn
576350,AH Vega Gesneden Indiase Madras Verspakket,"€11,23",2025-03-07,Albert Heijn
583767,AH Vega Italiaanse Pasta Pesto Verspakket,"€17,00",2025-03-07,Albert Heijn
585382,AH Vega Thaise Kip Siam Verspakket,"€8,87",2025-03-07,Albert Heijn
585684,Merchant Gourmet Tomatoey French puy & green lentils,"€3,49",2025-03-07,Albert Heijn
585685,Boon Kidneybonen in chilisaus,"€1,59",2025-03-07,Albert Heijn
585686,Boon Zwarte bonen in teriyakisaus,"€1,59",2025-03-07,Albert Heijn
585687,Boon Bruine bonen in stoof,"€1,59",2025-03-07,Albert Heijn
585689,Boon Linzen in kruidige tomatensaus,"€1,59",2025-03-07,Albert Heijn
589490,AH Gehakt Stroganoff Verspakket,"€12,88",2025-03-07,Albert Heijn
589499,AH Gesneden Black Bean Noodles Verspakket,"€8,88",2025-03-07,Albert Heijn
565419,Hak Mexicanez wraps maaltijdpakket,"€7,62",2025-03-07,Albert Heijn
567925,AH Vega Japanse Teriyaki Verspakket,"€8,87",2025-03-07,Albert Heijn
570599,AH Vega Sajoer Boontjes Verspakket,"€8,87",2025-03-07,Albert Heijn
579717,Sera Red beans in tomato sauce,"€2,99",2025-03-07,Albert Heijn
585651,Merchant Gourmet Smoky black turtle beans,"€3,49",2025-03-07,Albert Heijn
585653,Merchant Gourmet Jumbo chickpeas,"€3,49",2025-03-07,Albert Heijn
585654,Merchant Gourmet Beluga lentils,"€3,49",2025-03-07,Albert Heijn
585655,Merchant Gourmet 5 bean medley,"€3,49",2025-03-07,Albert Heijn
585663,AH Terra Plantaardig linzen met tomaat basilicum,"€1,99",2025-03-07,Albert Heijn
585668,AH Terra Plantaardig bonentrio chilisaus,"€2,49",2025-03-07,Albert Heijn
589446,AH Vega Bloemkoolschotel Verspakket,"€12,72",2025-03-07,Albert Heijn
589498,AH Terra Plantaardig Tandoori Verspakket,"€9,73",2025-03-07,Albert Heijn
589503,AH Vega Mosterdsoep Verspakket,"€6,58",2025-03-07,Albert Heijn
590152,AH Kaspsalon met Kip Verspakket,"€16,06",2025-03-07,Albert Heijn
590188,AH Groentestoof Geitenkaas Verspakket,"€8,53",2025-03-07,Albert Heijn
107669,AH Biologisch Waterkers,"€1,99",2025-03-07,Albert Heijn
566502,Hak Mexicanez nacho's maaltijdpakket,"€8,38",2025-03-07,Albert Heijn
576054,AH Snoepgroente budgetpakket,"€8,89",2025-03-07,Albert Heijn
577598,AH Biologisch Verspakket Italiaanse Groentesoep,"€12,27",2025-03-07,Albert Heijn
585159,AH Vega Gesneden Bulgogi Bowl Verspakket,"€10,24",2025-03-07,Albert Heijn
585365,Kühne houdt van salades,"€7,66",2025-03-07,Albert Heijn
585666,AH Terra Plantaardig kikkererwten in tomatensaus,"€2,49",2025-03-07,Albert Heijn
585667,AH Terra Plantaardig kidneybonen met jalapeño,"€1,99",2025-03-07,Albert Heijn
587386,Hak Wraps met kidneybonen maaltijdpakket,"€5,62",2025-03-07,Albert Heijn
588069,AH Vega Romige Pasta Courgette Verspakket,"€13,65",2025-03-07,Albert Heijn
589381,AH Gesneden Yakisoba Verspakket,"€10,03",2025-03-07,Albert Heijn
589488,AH Vega Mexicaanse Burritos Verspakket,"€11,65",2025-03-07,Albert Heijn
589492,AH Vega Fusilli Salsa Rossa Verspakket,"€13,11",2025-03-07,Albert Heijn
589493,AH Vega Gesneden Gnocchi Verspakket,"€10,34",2025-03-07,Albert Heijn
589494,AH Vega Griekse Pita Gyros Verspakket,"€10,24",2025-03-07,Albert Heijn
589501,AH Vega  Black Bean Noodles Verspakket,"€11,48",2025-03-07,Albert Heijn
589502,AH Thaise Kip Siam Verspakket,"€12,23",2025-03-07,Albert Heijn
590150,AH Griekse Moussaka Verspakket,"€15,22",2025-03-07,Albert Heijn
30851,AH Tomatenblokjes,"€0,69",2025-03-07,Albert Heijn
30428,AH Terra Kidneybonen,"€0,65",2025-03-07,Albert Heijn
910,AH Augurken zoetzuur,"€0,99",2025-03-07,Albert Heijn
777,AH Spinazie à la creme,"€0,99",2025-03-07,Albert Heijn
913,AH Zilveruitjes zoetzuur,"€0,75",2025-03-07,Albert Heijn
382561,AH Sperziebonen gebroken,"€1,49",2025-03-07,Albert Heijn
914,AH Augurken partysticks zoetzuur,"€1,19",2025-03-07,Albert Heijn
39136,AH Terra Witte bonen in tomatensaus,"€0,85",2025-03-07,Albert Heijn
841,AH Terra Hollandse bruine bonen,"€1,09",2025-03-07,Albert Heijn
58367,AH Rode kool met appel,"€0,65",2025-03-07,Albert Heijn
469776,AH Basis soepgroente,"€1,25",2025-03-07,Albert Heijn
189681,AH Zongedroogde tomaten,"€1,65",2025-03-07,Albert Heijn
60036,AH Champignon schijfjes,"€0,99",2025-03-07,Albert Heijn
382559,AH Tuinerwten en wortel,"€1,49",2025-03-07,Albert Heijn
39144,AH Wortelen,"€0,99",2025-03-07,Albert Heijn
805,AH Terra Witte bonen in tomatensaus,"€0,69",2025-03-07,Albert Heijn
57859,AH Rode kool met appel,"€0,55",2025-03-07,Albert Heijn
53860,AH Augurken zuur,"€0,99",2025-03-07,Albert Heijn
57076,AH Augurken partysticks pittig,"€1,19",2025-03-07,Albert Heijn
4090,AH Vleestomaten,"€1,79",2025-03-07,Albert Heijn
4190,AH Andijvie,"€3,10",2025-03-07,Albert Heijn
99045,AH Nederlandse witte asperges,"€7,99",2025-03-07,Albert Heijn
107686,AH Groene aspergetips,"€4,49",2025-03-07,Albert Heijn
117192,AH Kleine spruitjes,"€1,49",2025-03-07,Albert Heijn
127728,AH Aardappelen iets kruimig,"€5,49",2025-03-07,Albert Heijn
162711,AH Spinazie,"€1,15",2025-03-07,Albert Heijn
162712,AH Spinazie à la crème,"€1,39",2025-03-07,Albert Heijn
169400,AH Aardappelen vastkokend,"€5,49",2025-03-07,Albert Heijn
172451,AH Prei,"€1,49",2025-03-07,Albert Heijn
185535,Hak Hak schorseneren,"€2,99",2025-03-07,Albert Heijn
191446,Heinz Tomato puree,"€0,59",2025-03-07,Albert Heijn
197419,AH Tricolor kluitsla,"€1,35",2025-03-07,Albert Heijn
198167,Caykur Rize Turist cayi,"€4,99",2025-03-07,Albert Heijn
203002,AH Biologisch Rode bieten los,"€0,89",2025-03-07,Albert Heijn
203287,Hak Bonenschotel voor chili con carne,"€2,99",2025-03-07,Albert Heijn
210154,AH Broccoli,"€2,90",2025-03-07,Albert Heijn
215707,AH Groene asperges,"€4,99",2025-03-07,Albert Heijn
217015,AH Hollandse snijbonen,"€1,59",2025-03-07,Albert Heijn
217120,AH Witlof los,"€1,45",2025-03-07,Albert Heijn
230739,Zespri Kiwi gold los,"€3,99",2025-03-07,Albert Heijn
230741,AH Biologisch Gember los,"€1,09",2025-03-07,Albert Heijn
230804,AH Verse knoflook,"€6,24",2025-03-07,Albert Heijn
231202,AH Biologisch Flespompoen,"€3,78",2025-03-07,Albert Heijn
231530,AH Sperziebonen,"€2,35",2025-03-07,Albert Heijn
231922,AH Kiwi groen,"€2,75",2025-03-07,Albert Heijn
234251,AH Buitenbeentjes Appels zak,"€1,99",2025-03-07,Albert Heijn
257709,AH Biologisch Pompoen,"€3,40",2025-03-07,Albert Heijn
314134,Sera Roasted red peppers,"€3,99",2025-03-07,Albert Heijn
354172,AH Trostomaten,"€1,35",2025-03-07,Albert Heijn
395307,AH Biologisch Tomatenblokjes,"€0,75",2025-03-07,Albert Heijn
428787,AH Zoete aardappel oranje los,"€2,98",2025-03-07,Albert Heijn
428792,AH Zoete aardappel paars los,"€3,78",2025-03-07,Albert Heijn
441160,Miras Gekookte kikkererwten (blik),"€2,09",2025-03-07,Albert Heijn
455381,AH Luxe roerbak Hollands,"€3,29",2025-03-07,Albert Heijn
462228,Royal Geroosterde paprika in reepjes,"€2,89",2025-03-07,Albert Heijn
513803,Jingold Kiwi gold schaal,"€3,89",2025-03-07,Albert Heijn
543628,Mutti Passata van kerstomaten uit Sicilië,"€2,99",2025-03-07,Albert Heijn
550038,AH Kip kerrie verspakket,"€5,89",2025-03-07,Albert Heijn
570010,Jopen Blurred lines,"€2,55",2025-03-07,Albert Heijn
572377,Knorr Bieten wraps,"€2,69",2025-03-07,Albert Heijn
574916,AH Kip Kerrie Verspakket,"€12,96",2025-03-07,Albert Heijn
574920,AH Vega Kip kerrie verspakket,"€11,02",2025-03-07,Albert Heijn
575154,AH Vega Schelpjespasta Verspakket,"€8,27",2025-03-07,Albert Heijn
581588,AH Mexicaanse wraps verspakket,"€5,89",2025-03-07,Albert Heijn
583747,AH Mexicaanse Wraps Verspakket,"€12,72",2025-03-07,Albert Heijn
583752,AH Vega Mexicaanse Wraps Verspakket,"€9,81",2025-03-07,Albert Heijn
583841,Hak Cannellini bonen,"€1,39",2025-03-07,Albert Heijn
585364,Kühne augurken in alle soorten en maten,"€10,75",2025-03-07,Albert Heijn
585600,AH Terra Plantaardig limabonen in tomatensaus,"€2,49",2025-03-07,Albert Heijn
585664,AH Terra Plantaardig linzen in tomatensaus,"€2,49",2025-03-07,Albert Heijn
585665,AH Terra Plantaardig kikkererwten met harissa,"€1,99",2025-03-07,Albert Heijn
587384,Hak Salade met linzen maaltijdpakket,"€9,71",2025-03-07,Albert Heijn
587385,Hak Curry met kikkererwten pakket,"€7,11",2025-03-07,Albert Heijn
587387,Hak Mexicanez Wraps maaltijdpakket,"€10,78",2025-03-07,Albert Heijn
587388,Hak Wraps uit de oven met rijst,"€12,43",2025-03-07,Albert Heijn
588942,AH Biologisch Oesterzwammen,"€3,19",2025-03-07,Albert Heijn
588943,AH Paddenstoelen mix,"€2,59",2025-03-07,Albert Heijn
588944,AH Biologisch Bundelzwammen,"€2,89",2025-03-07,Albert Heijn
588945,AH Aziatische koolmix,"€1,79",2025-03-07,Albert Heijn
588946,AH Wokgroente oosters,"€2,69",2025-03-07,Albert Heijn
588947,AH Basismix Aziatisch,"€2,19",2025-03-07,Albert Heijn
589471,AH Vega Kruidige Jambalaya Verspakket,"€10,24",2025-03-07,Albert Heijn
589479,AH Vega Gehakt Stroganoff Verspakket,"€13,37",2025-03-07,Albert Heijn
589489,AH AH Prinses op de Erwt Verspakket,"€12,11",2025-03-07,Albert Heijn
589495,AH Vega Japanse Teriyaki Verspakket,"€8,88",2025-03-07,Albert Heijn
589497,AH Biologisch Foe Yong Hai Verspakket,"€14,58",2025-03-07,Albert Heijn
590147,AH Cajun Kip Verspakket,"€13,92",2025-03-07,Albert Heijn
590149,AH Vega Cajun Kip Verspakket,"€11,42",2025-03-07,Albert Heijn
590151,AH Vega Griekse Moussaka Verspakket,"€12,52",2025-03-07,Albert Heijn
590153,AH Vega Kaspsalon met Kip Verspakket,"€15,95",2025-03-07,Albert Heijn
590368,AH Vega Curry Masala Verspakket,"€9,23",2025-03-07,Albert Heijn
590396,AH Gesneden Nasi Verspakket,"€11,88",2025-03-07,Albert Heijn
590401,AH Vega Ovenschotel Prei-Kerrie Verspakket,"€10,87",2025-03-07,Albert Heijn
590427,AH Terra Pasta Groente Spinazie Verspakket,"€8,08",2025-03-07,Albert Heijn
